lambda,headon_collisions_per_op_day,p_dh_neg
0.0001,1.0407e-08,1.000000
0.000121547,1.26494e-08,1.000000
0.000147738,1.53751e-08,1.000000
0.000179571,1.8688e-08,1.000000
0.000218264,2.27148e-08,1.000000
0.000265295,2.76092e-08,1.000000
0.000322459,3.35583e-08,1.000000
0.000391941,4.07892e-08,1.000000
0.000476394,4.95782e-08,1.000000
0.000579044,6.02611e-08,1.000000
0.000703814,7.32458e-08,1.000000
0.000855467,8.90284e-08,1.000000
0.0010398,1.08212e-07,1.000000
0.00126385,1.31529e-07,1.000000
0.00153617,1.5987e-07,1.000000
0.00186718,1.94317e-07,1.000000
0.00226951,2.36188e-07,1.000000
0.00275853,2.8708e-07,1.000000
0.00335292,3.48938e-07,1.000000
0.00407539,4.24126e-07,1.000000
0.00495354,5.15514e-07,1.000000
0.00602089,6.26594e-07,1.000000
0.00731824,7.61609e-07,1.000000
0.00889513,9.25716e-07,1.000000
0.0108118,1.12518e-06,1.000000
0.0131415,1.36763e-06,1.000000
0.0159731,1.66232e-06,1.000000
0.0194149,2.02051e-06,1.000000
0.0235983,2.45588e-06,1.000000
0.0286832,2.98505e-06,1.000000
0.0348637,3.62826e-06,1.000000
0.0423759,4.41005e-06,1.000000
0.0515068,5.3603e-06,1.000000
0.0626052,6.51531e-06,1.000000
0.076095,7.91919e-06,1.000000
0.0924915,9.62558e-06,1.000000
0.112421,1.16996e-05,1.000000
0.136645,1.42206e-05,1.000000
0.166088,1.72848e-05,1.000000
0.201876,2.10092e-05,1.000000
0.245375,2.55362e-05,1.000000
0.298247,3.10385e-05,1.000000
0.362512,3.77265e-05,1.000000
0.440624,4.58557e-05,1.000000
0.535567,5.57364e-05,1.000000
0.650968,6.77461e-05,1.000000
0.791234,8.23437e-05,1.000000
0.961725,0.000100087,0.999950
1.16895,0.000121653,0.999950
1.42083,0.000147866,0.999950
1.72698,0.000179727,0.999900
2.0991,0.000218453,0.999900
2.55141,0.000265525,0.999750
3.10117,0.000322738,0.999600
3.76939,0.00039228,0.999250
4.5816,0.000476806,0.998950
5.56881,0.000579546,0.998500
6.76875,0.000704423,0.997750
8.22724,0.000856208,0.996950
10,0.0010407,0.995300
