lambda,headon_collisions_per_op_day,p_dh_neg,p_dh_neg_with_queue_gap
0.0001,7.25559e-08,1.000000,0.997650
0.000121547,8.81899e-08,1.000000,0.997650
0.000147738,1.07193e-07,1.000000,0.997650
0.000179571,1.3029e-07,1.000000,0.997650
0.000218264,1.58364e-07,1.000000,0.997650
0.000265295,1.92487e-07,1.000000,0.997650
0.000322459,2.33963e-07,1.000000,0.997650
0.000391941,2.84376e-07,1.000000,0.997650
0.000476394,3.45652e-07,1.000000,0.997650
0.000579044,4.20131e-07,1.000000,0.997650
0.000703814,5.10658e-07,1.000000,0.997650
0.000855467,6.20692e-07,1.000000,0.997650
0.0010398,7.54435e-07,1.000000,0.997650
0.00126385,9.16997e-07,1.000000,0.997650
0.00153617,1.11459e-06,1.000000,0.997650
0.00186718,1.35475e-06,1.000000,0.997650
0.00226951,1.64666e-06,1.000000,0.997650
0.00275853,2.00148e-06,1.000000,0.997650
0.00335292,2.43275e-06,1.000000,0.997650
0.00407539,2.95694e-06,1.000000,0.997650
0.00495354,3.59408e-06,1.000000,0.997650
0.00602089,4.36852e-06,1.000000,0.997650
0.00731824,5.30982e-06,1.000000,0.997650
0.00889513,6.45395e-06,1.000000,0.997650
0.0108118,7.84461e-06,1.000000,0.997600
0.0131415,9.53492e-06,1.000000,0.997600
0.0159731,1.15894e-05,1.000000,0.997600
0.0194149,1.40867e-05,1.000000,0.997600
0.0235983,1.7122e-05,1.000000,0.997550
0.0286832,2.08113e-05,1.000000,0.997550
0.0348637,2.52956e-05,1.000000,0.997550
0.0423759,3.07462e-05,1.000000,0.997550
0.0515068,3.73712e-05,1.000000,0.997550
0.0626052,4.54238e-05,1.000000,0.997550
0.076095,5.52114e-05,1.000000,0.997500
0.0924915,6.7108e-05,0.999950,0.997450
0.112421,8.15681e-05,0.999900,0.997400
0.136645,9.91439e-05,0.999900,0.997400
0.166088,0.000120507,0.999800,0.997400
0.201876,0.000146473,0.999650,0.997300
0.245375,0.000178034,0.999500,0.997150
0.298247,0.000216396,0.999300,0.996850
0.362512,0.000263024,0.998850,0.996550
0.440624,0.000319699,0.998350,0.996200
0.535567,0.000388585,0.997900,0.995750
0.650968,0.000472316,0.997200,0.995150
0.791234,0.000574087,0.996450,0.994400
0.961725,0.000697788,0.995550,0.993350
1.16895,0.000848144,0.994100,0.992250
1.42083,0.0010309,0.992700,0.990750
1.72698,0.00125303,0.990650,0.988850
2.0991,0.00152302,0.987950,0.986950
2.55141,0.0018512,0.984850,0.985050
3.10117,0.00225008,0.980850,0.981600
3.76939,0.00273492,0.976200,0.977150
4.5816,0.00332422,0.970000,0.972450
5.56881,0.0040405,0.963600,0.967250
6.76875,0.00491113,0.956100,0.959200
8.22724,0.00596935,0.948000,0.950350
10,0.00725559,0.937150,0.941450
