q_vph_dir,section_m,stable_frac,p_dh_neg_s1a,p_lo_s1a,p_hi_s1a,dh_q05_s1a,dh_q50_s1a,dh_q95_s1a,breakeven_q50_s1a,p_dh_neg_s1b,p_lo_s1b,p_hi_s1b,dh_q05_s1b,dh_q50_s1b,dh_q95_s1b,breakeven_q50_s1b,p_dh_neg_s2,p_lo_s2,p_hi_s2,dh_q05_s2,dh_q50_s2,dh_q95_s2,breakeven_q50_s2,w1_S0,w3_S0,w5_S0,w4d_S0,w5b_S0,violations_day_S0,conflicts_day_S0,collisions_day_S0,clearance_s_S0,safe_window_S0,w1_S1a,w3_S1a,w5_S1a,w4d_S1a,w5b_S1a,violations_day_S1a,conflicts_day_S1a,collisions_day_S1a,clearance_s_S1a,safe_window_S1a,w1_S1b,w3_S1b,w5_S1b,w4d_S1b,w5b_S1b,violations_day_S1b,conflicts_day_S1b,collisions_day_S1b,clearance_s_S1b,safe_window_S1b,w1_S2,w3_S2,w5_S2,w4d_S2,w5b_S2,violations_day_S2,conflicts_day_S2,collisions_day_S2,clearance_s_S2,safe_window_S2,strikes_day_S0,strikes_day_S2
100,150,1.0,0.9996,0.9992108209764861,0.9997972965962543,-0.006807176249358234,-0.0011177774531233552,-7.887348984552073e-05,3251.487846811049,0.99765,0.9968766742912981,0.998232192222061,-0.006783128698664373,-0.0011015873610320625,-6.574824595315782e-05,7551.988073147376,1.0,0.9998079639438954,0.9999999999999999,-0.006784678883056873,-0.0011013815399866064,-6.456197655469306e-05,15845.811392047162,0.0018377186160668853,0.0011022087446379248,1.546501179221728e-10,0.0,1.4342786352273746e-10,0.9666992629376334,9.371790742725919e-06,2.68554271475037e-08,22.525315035937822,0.9601562500000014,0.0018292317875137835,0.0,1.3946504230783566e-08,2.0936681538447044e-08,1.5800017629370068e-08,64.45317527118118,0.0009177979577062578,2.4129126423962574e-06,20.68650471505245,0.9574218750000015,0.0018363669395014977,0.0,5.402402216945472e-09,2.0936681538447044e-08,5.791553596434762e-09,64.79061737980227,0.00033739985555745507,9.279412537589009e-07,20.68650471505245,0.9570312500000016,0.0018377186160668853,3.4091764238133226e-07,6.448478862784698e-10,2.0936681538447044e-08,6.21232674020464e-10,14.525495458983864,3.544500462002974e-05,1.1098505414727255e-07,22.525315035937822,0.9601562500000014,0.0020434293383330216,1.8494533628632562e-06
100,250,1.0,0.99935,0.9988881316487883,0.9996200819419798,-0.006487536540694482,-0.0011008568505572022,-7.482382368039375e-05,7188.549577438242,0.99715,0.9963096416278638,0.9977994169215512,-0.006467322457419813,-0.001082976748405991,-6.315638342850813e-05,15246.598170857695,1.0,0.9998079639438954,0.9999999999999999,-0.006474952976809983,-0.001082879402865019,-6.170239595806735e-05,27310.99948973997,0.0018199505861608008,0.0010834117868572368,7.20200868390488e-11,0.0,1.4975439519643674e-10,0.9778478104717384,9.463905786706429e-06,1.2457561307626204e-08,31.504202485254794,0.9566406250000016,0.0018132809438675583,0.0,6.212744163567405e-09,2.1365875464318114e-08,1.4114086314401836e-08,64.37744058405977,0.0008032144335018692,1.0545482057948988e-06,32.66131927554741,0.9585937500000015,0.0018190527440109612,0.0,2.6409787788459677e-09,2.1365875464318114e-08,5.193260223157172e-09,64.67152838151802,0.00029496386949370585,4.4704169663643035e-07,32.66131927554741,0.9585937500000015,0.0018199505861608008,3.550698982589981e-07,3.741157739995626e-10,2.1365875464318114e-08,6.391231105673414e-10,14.600420372798848,3.536873442810499e-05,6.409076315759006e-08,31.504202485254794,0.9566406250000016,0.002043755494314516,1.938294889799224e-06
100,500,1.0,0.9996,0.9992108209764861,0.9997972965962543,-0.006793405073057697,-0.0011184290673783182,-7.501029700129e-05,23394.923652820657,0.99795,0.9972203323503435,0.9984884189413819,-0.006771080681144921,-0.0011028099738155926,-6.395215508738075e-05,46444.149148104996,1.0,0.9998079639438954,0.9999999999999999,-0.00677692993209548,-0.0011005794517155321,-6.316049391352186e-05,71428.09087138306,0.0018374046360704814,0.0011012003964801895,2.270009965233167e-11,0.0,1.4879368511316114e-10,0.9718301910926006,9.31326451985055e-06,3.963375240244236e-09,53.90068208136222,0.9542968750000017,0.0018267831185325722,0.0,1.9012679781460224e-09,2.1278204109726904e-08,1.2574520626501048e-08,64.63459244896936,0.0007097295781100567,3.2501735114530364e-07,62.537859967391626,0.9605468750000014,0.0018368475013157072,0.0,9.258584614848005e-10,2.1278204109726904e-08,4.612777055774097e-09,64.88366611521874,0.0002604790333457324,1.5801435984926393e-07,62.537859967391626,0.9605468750000014,0.0018374046360704814,3.5512087717836933e-07,1.451756983608333e-10,2.1278204109726904e-08,6.263347871652878e-10,14.567899282963012,3.4958489548530646e-05,2.5040787264451796e-08,53.90068208136222,0.9542968750000017,0.0020531492520319966,1.918520948893196e-06
100,1000,1.0,0.9993,0.9988252697172566,0.9995829630771171,-0.006660251252800873,-0.0011169279515762431,-7.681212610608495e-05,73521.89119517062,0.9979,0.9971628472365731,0.9984459232587578,-0.006621972470477818,-0.0011016445807328474,-6.577972302119155e-05,122006.24911688853,1.0,0.9998079639438954,0.9999999999999999,-0.0066322513352859375,-0.0011025160480338035,-6.5246090517206e-05,162907.07665166297,0.001847951929532562,0.0011032607836630173,7.675912701511762e-12,0.0,1.4625333426455393e-10,0.9612674807753896,9.151359503636972e-06,1.3328905005437194e-09,98.95677365496508,0.9527343750000018,0.0018384950130638767,0.0,5.961465866957608e-10,2.0998030936032142e-08,1.1719685060131991e-08,64.48605759667734,0.0006593518878801123,1.022209660602392e-07,122.90710649468798,0.9617187500000013,0.0018480693369106284,0.0,3.509720037426166e-10,2.0998030936032142e-08,4.319985277873846e-09,64.78403122024949,0.0002422053570541691,6.056973074791602e-08,122.90710649468798,0.9613281250000013,0.001847951929532562,3.455822515453517e-07,6.378527884263347e-11,2.0998030936032142e-08,6.329138745509134e-10,14.56549042482482,3.473749327678815e-05,1.103238270009297e-08,98.95677365496508,0.9527343750000018,0.0020568575098001687,1.8890475866291709e-06
100,2000,1.0,0.99905,0.9985166196635774,0.9993917091488246,-0.006709968074217355,-0.001118553266644479,-7.733153726000891e-05,216129.3109880931,0.9975,0.9967058796313818,0.9981030444927942,-0.006689432601668195,-0.0011008818289986188,-6.646292697632647e-05,298170.038054676,1.0,0.9998079639438954,0.9999999999999999,-0.006698898667371643,-0.001100035479590871,-6.664116324741076e-05,357176.7456391639,0.001820933051939852,0.001100667551761907,2.696068535865025e-12,0.0,1.4930895434218286e-10,0.9650143672567717,9.134509676746516e-06,4.657418368233508e-10,188.79918646435448,0.9519531250000018,0.0018112487637536676,0.0,1.9476134125425255e-10,2.0834494006516114e-08,1.1232476389485614e-08,63.99041599291202,0.0006284937710021822,3.286057736950415e-08,242.75804736355354,0.9621093750000013,0.001821626098871207,0.0,1.4519010746114245e-10,2.0834494006516114e-08,4.128962657030466e-09,64.32129972103297,0.00023089687331281488,2.5074519292397858e-08,242.75804736355354,0.9621093750000013,0.001820933051939852,3.4876536144777123e-07,2.9038880509040044e-11,2.0834494006516114e-08,6.254275420082937e-10,14.556117768716984,3.446721030219222e-05,5.003584271461923e-09,188.79918646435448,0.9519531250000018,0.002047203235705891,1.888378305935045e-06
200,150,1.0,0.99825,0.9975672660559343,0.9987413700141574,-0.013429786077429406,-0.00228133661071146,-0.00017594462667053627,3295.135904439162,0.99535,0.994307318008138,0.996202431871079,-0.013404040223466798,-0.002234075840246182,-0.00013555845642091745,6193.007082238724,1.0,0.9998079639438954,0.9999999999999999,-0.013405553289657658,-0.002233867622243974,-0.00013558185736729466,10821.244525509806,0.003618646546481842,0.002235330968535252,3.0827468786024466e-10,0.0,2.419809033968913e-10,1.7543531811864579,1.5318711537737772e-05,5.370195824194426e-08,22.511923268551868,0.9601562500000014,0.0035947854462745846,0.0,2.660306953463374e-08,4.308154198533815e-08,2.6243671650973498e-08,117.9843614712452,0.001492353596184652,4.580456880360159e-06,20.72875851554118,0.9578125000000015,0.0036197946341529883,0.0,1.281902666999866e-08,4.308154198533815e-08,9.730152874865858e-09,118.87076139603926,0.0005556236146300269,2.1812711634241605e-06,20.72875851554118,0.9574218750000015,0.003618646546481842,7.063941549707011e-07,1.9585257925383426e-09,4.308154198533815e-08,1.0573842182074017e-09,26.97771572286497,5.914172206204523e-05,3.365047256388036e-07,22.511923268551868,0.9601562500000014,0.004141495702061064,3.856229937149516e-06
200,250,1.0,0.99805,0.9973355771743122,0.9985731357102019,-0.013357764601049807,-0.0022422629078004287,-0.0001669145551771153,7243.911181109659,0.99495,0.9938680784831044,0.9958418250249577,-0.013331440734879338,-0.002184745388279534,-0.00013456258426055984,12883.15400640163,1.0,0.9998079639438954,0.9999999999999999,-0.013312633462313234,-0.0021811504153921467,-0.00012853148392313966,19932.801084115163,0.0036482955114335368,0.0021826536162901982,1.4456548598612388e-10,0.0,2.4538633012416126e-10,1.7596638285365453,1.5246537639529508e-05,2.522477566774613e-08,31.47712300250257,0.9578125000000015,0.003624992463031208,0.0,1.2114216172188555e-08,4.3165721205641876e-08,2.328495818440158e-08,118.61154153979516,0.0013118547898699306,2.058230954288011e-06,32.75287701224026,0.9597656250000014,0.003644539647603808,0.0,6.421708278707289e-09,4.3165721205641876e-08,8.626864874411947e-09,119.52388688858852,0.0004885639501032678,1.0900203166546685e-06,32.75287701224026,0.9593750000000014,0.0036482955114335368,7.126243819297156e-07,1.040471382114226e-09,4.3165721205641876e-08,1.0702066426109177e-09,26.755067809175124,5.853310471722373e-05,1.7978618689188406e-07,31.47712300250257,0.9578125000000015,0.004125951040128751,3.877464146738251e-06
200,500,1.0,0.9984,0.9977422157210755,0.9988663627381994,-0.013283399669534793,-0.0022768273530221657,-0.00016450066460049507,21440.01749193723,0.99545,0.994417390611427,0.9962923208605788,-0.013175077808234,-0.002228006621990469,-0.0001257389797051013,33833.154971428536,1.0,0.9998079639438954,0.9999999999999999,-0.013197669341822803,-0.002228797168202872,-0.00012694097285991624,45247.583905184714,0.0036246863179214047,0.0022299187088420346,5.229422833671244e-11,0.0,2.3523768218770465e-10,1.7687513257655518,1.5234903574347224e-05,9.129751678538918e-09,53.94805624592917,0.9554687500000016,0.0035948895636374635,0.0,4.161065265850436e-09,4.210683959946043e-08,1.9622369681134388e-08,118.23338521172717,0.001165175497540937,7.130115875679716e-07,62.47310844052312,0.9605468750000014,0.0036252520540614895,0.0,2.561754452984713e-09,4.210683959946043e-08,7.278789517668697e-09,119.14119076084238,0.00043314796436425934,4.416553540770084e-07,62.47310844052312,0.9605468750000014,0.0036246863179214047,6.999422101559763e-07,4.682120621443051e-10,4.210683959946043e-08,1.0000579529711088e-09,26.91921867924642,5.807760914878086e-05,8.073846771581822e-08,53.94805624592917,0.9554687500000016,0.004135464370033147,3.7884360318213784e-06
200,1000,1.0,0.99865,0.998036487964857,0.9990719944763898,-0.013074928923512317,-0.002202236783481765,-0.0001574987373978947,57609.88445237333,0.9948,0.9937037695273032,0.9957061915915757,-0.013064628979751983,-0.002151135255496028,-0.000120527776402048,75987.4161588232,1.0,0.9998079639438954,0.9999999999999999,-0.013036980635636408,-0.0021438074662485773,-0.0001214942599117039,92566.25137047315,0.0036781239397034367,0.0021461104727727174,2.0159852061735904e-11,0.0,2.3874262804017946e-10,1.7667791943963027,1.5107448480678318e-05,3.5247228351194644e-09,98.90609893830458,0.9531250000000018,0.0036518230947669436,0.0,1.4947352904040856e-09,4.185964157349426e-08,1.9386906282471922e-08,117.24194663995078,0.0010776871538746911,2.567575178197535e-07,122.53744828154258,0.9609375000000013,0.003679666277254999,0.0,1.099169208991919e-09,4.185964157349426e-08,7.1954780337944485e-09,118.20642173321926,0.0004001500043467339,1.8973556044779963e-07,122.53744828154258,0.9609375000000013,0.0036781239397034367,6.968818046493864e-07,2.2097353521767717e-10,4.185964157349426e-08,1.0492955641454414e-09,26.745092693074223,5.742887755878452e-05,3.825017637128063e-08,98.90609893830458,0.9531250000000018,0.004022490268753419,3.7837790078611016e-06
200,2000,1.0,0.9984,0.9977422157210755,0.9988663627381994,-0.013438593985084164,-0.002214162673348713,-0.00015736354742320875,147225.91202258226,0.9952,0.9941424112223024,0.9960673962677314,-0.0133986393425155,-0.0021675714521662793,-0.0001256003546262105,171955.26649291877,1.0,0.9998079639438954,0.9999999999999999,-0.013399595732230703,-0.0021627308847881766,-0.00012461094939095348,191847.7298321259,0.0036583094045064706,0.0021643563227634333,8.452905045332177e-12,0.0,2.505406298003723e-10,1.798248109973134,1.5297654072387044e-05,1.4782103633320568e-09,188.55175630922815,0.9519531250000018,0.0036251131674102516,0.0,5.921913113483661e-10,4.222904752112143e-08,1.837594570587722e-08,118.27728205549181,0.0010358271282368543,1.0163065005958008e-07,242.3211833967996,0.9609375000000013,0.0036576536156863373,0.0,5.036238639058422e-10,4.222904752112143e-08,6.817531205240384e-09,119.05915993804348,0.0003848883980191839,8.701345603088961e-08,242.3211833967996,0.9609375000000013,0.0036583094045064706,6.990259279138375e-07,1.0670876725005712e-10,4.222904752112143e-08,1.0479556025074994e-09,26.78282636954603,5.731055575279848e-05,1.8460703874970533e-08,188.55175630922815,0.9519531250000018,0.004119438475864684,3.8055231860377915e-06
300,150,1.0,0.99755,0.996762740834407,0.9981461640861634,-0.0198542176767128,-0.0033664621593855006,-0.0002586796701506237,3278.0961690264267,0.9932,0.9919625123221778,0.9942480633120805,-0.019805726385009024,-0.003257187685389763,-0.00019021950123757788,5361.614834797865,1.0,0.9998079639438954,0.9999999999999999,-0.019802655099218906,-0.0032611917508035175,-0.00018996492390132248,8613.816204485182,0.005534990886226386,0.003263926547499901,4.668076876550788e-10,0.0,2.988135487310063e-10,2.4813258622898813,1.8705034671029466e-05,8.040844677949691e-08,22.514384341523197,0.9609375000000013,0.005485113145774729,0.0,3.857933346423181e-08,6.47041610671033e-08,3.218130142172782e-08,164.55149559114793,0.001801750606623537,6.537583634207614e-06,20.666096606290033,0.9589843750000014,0.0055372149047608595,0.0,2.1858200923571798e-08,6.47041610671033e-08,1.2148509390283262e-08,166.04667789916928,0.0006838840899389012,3.6963475934889903e-06,20.666096606290033,0.9585937500000015,0.005534990886226386,1.081549995827091e-06,3.597325856791522e-09,6.47041610671033e-08,1.2985831598350944e-09,36.97816825876522,7.246750961673356e-05,6.200358644700023e-07,22.514384341523197,0.9609375000000013,0.006139407662196226,5.8105885233682915e-06
300,250,1.0,0.99765,0.9968766742912981,0.998232192222061,-0.020152731363535008,-0.003401761578412303,-0.0002382539428964864,7035.68685117946,0.9924,0.9910982449648931,0.9935126379270549,-0.019965152130627845,-0.003300645942131701,-0.0001819858599787935,10808.708026779821,1.0,0.9998079639438954,0.9999999999999999,-0.01989835738957545,-0.0032970677265167676,-0.000187083717577952,15105.67978724058,0.005485442965429268,0.0032998050867833924,2.285472972940189e-10,0.0,2.97658506409365e-10,2.431703624470132,1.83977951047238e-05,3.980051437075194e-08,31.499269269775205,0.9578125000000015,0.00543323709696736,0.0,1.8456344188953884e-08,6.299413786677727e-08,2.8309801418220588e-08,164.00396323628235,0.0015834239972721711,3.129149821964638e-06,32.50369758267653,0.9593750000000014,0.005486302252697745,0.0,1.1596829256359228e-08,6.299413786677727e-08,1.0633605048732589e-08,165.38373707566492,0.0005989829452047702,1.974349377596932e-06,32.50369758267653,0.9589843750000014,0.005485442965429268,1.0499119932442135e-06,2.0774189040532145e-09,6.299413786677727e-08,1.3039727036156483e-09,37.02102795106021,7.191730728370592e-05,3.5951536747394326e-07,31.499269269775205,0.9578125000000015,0.006120433362531023,5.708672546088698e-06
300,500,1.0,0.998,0.9972779078878247,0.998530824200295,-0.01996311349343715,-0.0034087670399569206,-0.0002506908793780846,19513.31710803276,0.993,0.9917460998660389,0.9940645525826418,-0.01978773810572279,-0.003297498622278065,-0.00019210494925902153,26129.743993909302,1.0,0.9998079639438954,0.9999999999999999,-0.019802945793689696,-0.0032976105743399396,-0.00019162401944245496,32205.123049722744,0.005409903674814122,0.0033005180035405096,9.015180613335616e-11,0.0,2.9530390069392053e-10,2.4495823505005916,1.849491625389692e-05,1.5802815278004535e-08,53.93711254285499,0.9554687500000016,0.005358838145517976,0.0,6.8103435271578265e-09,6.380231748557003e-08,2.4684658226101366e-08,161.98930944042178,0.0013898422184994192,1.1647024012447137e-06,62.561990069886924,0.9601562500000014,0.005410970850517199,0.0,4.9213222932747305e-09,6.380231748557003e-08,9.245095249276253e-09,163.6974249959049,0.0005229127176857033,8.428854991920265e-07,62.561990069886924,0.9601562500000014,0.005409903674814122,1.0649084505381553e-06,9.699140291511299e-10,6.380231748557003e-08,1.2879987076079483e-09,36.88729588354799,7.049401389981672e-05,1.6698377751236564e-07,53.93711254285499,0.9554687500000016,0.006154180051506185,5.725073543677164e-06
300,1000,1.0,0.99815,0.9974512113609938,0.9986574631163091,-0.02027216997445975,-0.0033223717622580485,-0.0002466791854930061,48823.15255840316,0.99405,0.9928851632220217,0.9950250859509413,-0.020153907462791835,-0.003229564938366428,-0.00018924681282495853,57734.691931625246,1.0,0.9998079639438954,0.9999999999999999,-0.020164721660468073,-0.0032241927292226127,-0.0001932353040885854,66724.60449605377,0.0054548153922604065,0.0032266569641179787,3.708044739859664e-11,0.0,2.967832347235753e-10,2.4624010539682835,1.8507831977311287e-05,6.511714593811609e-09,98.83501267617811,0.9531250000000018,0.005409442266538623,0.0,2.714746684436092e-09,6.313398568015876e-08,2.321975991700494e-08,163.10112670393013,0.0013115012606733918,4.6688233444174325e-07,122.17739897154205,0.9593750000000014,0.005457306458456036,0.0,2.2286044169894263e-09,6.313398568015876e-08,8.680972676334521e-09,164.8406173635463,0.0004944902530360118,3.841863159566842e-07,122.17739897154205,0.9597656250000014,0.0054548153922604065,1.0555552238780955e-06,4.57389622247998e-10,6.313398568015876e-08,1.261778042362641e-09,36.87470732953649,7.003290243328203e-05,7.916440599493265e-08,98.83501267617811,0.9531250000000018,0.00611704129745178,5.714417744576182e-06
300,2000,1.0,0.99785,0.9971054494135773,0.9984033402853593,-0.0206130788566571,-0.0033741143929223788,-0.0002589990428368853,116194.73998655047,0.9923,0.9909904587964876,0.9934204625026716,-0.020497219966177867,-0.003272951222391066,-0.0001994036884050747,126802.89279212686,1.0,0.9998079639438954,0.9999999999999999,-0.020503137418435305,-0.0032599342666356163,-0.0001999366694989696,139373.8207753333,0.005576194311882832,0.0032626347282150494,1.6280586435009444e-11,0.0,2.9129732210246654e-10,2.438577975952649,1.8259512764233108e-05,2.883853244586752e-09,189.06148467356132,0.9515625000000019,0.0055241345458099155,0.0,1.1536722324242356e-09,6.540934181897406e-08,2.2237626676559497e-08,162.3652438902741,0.0012503451977418582,1.9877791104670723e-07,242.42439863557883,0.9589843750000014,0.005579918103530077,0.0,1.0445014395557855e-09,6.540934181897406e-08,8.33134426144131e-09,164.13007189170423,0.0004687547781569735,1.809947892939667e-07,242.42439863557883,0.9593750000000014,0.005576194311882832,1.0757540716017234e-06,2.2592549031497532e-10,6.540934181897406e-08,1.2660115990042292e-09,37.061145879716626,6.996578150376644e-05,3.8971274808276544e-08,189.06148467356132,0.9515625000000019,0.006169120801277213,5.804674220145383e-06
450,150,1.0,0.99755,0.996762740834407,0.9981461640861634,-0.031097009020870578,-0.005032967764328077,-0.00041288334382923284,3352.7157825967734,0.9914,0.9900225854955916,0.9925886814684687,-0.03085045163497722,-0.004894800124017225,-0.0003000974379604159,4611.375222736953,1.0,0.9998079639438954,0.9999999999999999,-0.030820763584068454,-0.004882510822105785,-0.00030006731368082713,6646.467042895309,0.008181470773340685,0.004885500388163924,6.797090102619728e-10,0.0,2.9703806502832515e-10,3.210172872484807,1.8684380839969342e-05,1.1888884669898178e-07,22.461176778772163,0.9597656250000014,0.008077646232362613,0.0,5.3548901753230285e-08,9.576207448064482e-08,3.211490935575596e-08,215.44799864428705,0.001792499379429918,9.159232798805124e-06,20.66064796271678,0.9585937500000015,0.008176124380880424,0.0,3.804512258328387e-08,9.576207448064482e-08,1.258213356651936e-08,217.65744811850936,0.000705864949983012,6.521540530897775e-06,20.66064796271678,0.9585937500000015,0.008181470773340685,1.600006005853663e-06,7.045774941426893e-09,9.576207448064482e-08,1.411432439380441e-09,48.80061532449657,7.903289461588743e-05,1.21411500747106e-06,22.461176778772163,0.9597656250000014,0.009248379996728215,8.694837804408602e-06
450,250,1.0,0.99715,0.9963096416278638,0.9977994169215512,-0.0305796826965144,-0.00500633071927158,-0.000396382984120281,6871.991626149173,0.9921,0.990775039670532,0.9932359584430498,-0.030330324690261846,-0.004857918659819311,-0.0002914752049993313,8797.879247362293,1.0,0.9998079639438954,0.9999999999999999,-0.03031227682929906,-0.004857882370342893,-0.00029256340864776723,11404.850224708869,0.008282826068558957,0.004861851245182218,3.5758828679963794e-10,0.0,2.975328409037502e-10,3.232089877753652,1.8615518484883215e-05,6.322113050965172e-08,31.513381766128262,0.9566406250000016,0.008189762218735052,0.0,2.7475117480670896e-08,9.869834839353826e-08,2.863166040350095e-08,214.67701577565558,0.001576915163443124,4.6820910495657465e-06,32.62423327691575,0.9574218750000015,0.008274888581169676,0.0,2.082355926090611e-08,9.869834839353826e-08,1.1205651791184848e-08,216.81740271230564,0.0006201686876918001,3.5723943217395766e-06,32.62423327691575,0.9578125000000015,0.008282826068558957,1.624557374140371e-06,4.086443884309771e-09,9.869834839353826e-08,1.390748415984128e-09,48.760079055508115,7.665819443984763e-05,7.03833903860181e-07,31.513381766128262,0.9566406250000016,0.009225427286812304,8.800499510468975e-06
450,500,1.0,0.99735,0.996535693976946,0.9979732877580466,-0.029999233816371238,-0.005140447611592084,-0.0003913873424565883,18086.88671979524,0.99205,0.9907212161078601,0.9931898012093273,-0.029680648929228656,-0.004975996519539725,-0.00029231871644566496,21011.418364838515,1.0,0.9998079639438954,0.9999999999999999,-0.029667876412890665,-0.004983086971061451,-0.00029329735571536806,24392.431218382095,0.008198365776801855,0.004986154438535841,1.570370528210666e-10,0.0,3.130899208107269e-10,3.257741066699989,1.876488847290141e-05,2.773225960056148e-08,53.92997614848304,0.9539062500000017,0.008103197511919645,0.0,1.1334705479921622e-08,9.326960238589495e-08,2.56139715884914e-08,213.7840452787259,0.0013893552358841934,1.95143073938224e-06,62.52123662535976,0.9570312500000016,0.00818579396342796,0.0,9.499440208920662e-09,9.326960238589495e-08,9.873789995688098e-09,216.19794930610982,0.0005377369369803623,1.6370454205539076e-06,62.52123662535976,0.9570312500000016,0.008198365776801855,1.5627212929025806e-06,1.9714840186777617e-09,9.326960238589495e-08,1.3665791912043687e-09,48.89925077229388,7.393953680993293e-05,3.400412927812509e-07,53.92997614848304,0.9539062500000017,0.009300124044657342,8.49597946926694e-06
450,1000,1.0,0.99785,0.9971054494135773,0.9984033402853593,-0.030507596641000244,-0.0051752270089862155,-0.00038528974256189904,40726.4380075379,0.99245,0.9911521576341931,0.9935587060541495,-0.030377508208625278,-0.0050212137171471265,-0.00029179468811469246,43944.400491354034,1.0,0.9998079639438954,0.9999999999999999,-0.03033926153459227,-0.005021097520696584,-0.00028454004368106426,49386.76458588392,0.008204363514272712,0.005024920275693426,6.859921723380943e-11,0.0,2.838867183059878e-10,3.1838699631134912,1.8233482794603493e-05,1.2095863339449301e-08,98.85714942466169,0.9519531250000018,0.008140383658880567,0.0,4.988493126198927e-09,9.789522397670936e-08,2.2359969014868654e-08,214.59305929349415,0.0013008438943586985,8.612643752466422e-07,122.3439281248875,0.9566406250000016,0.008214933855446683,0.0,4.5021957523218926e-09,9.789522397670936e-08,8.579464795106713e-09,216.78229991426468,0.0004974554666154491,7.782130198985124e-07,122.3439281248875,0.9570312500000016,0.008204363514272712,1.6199692493065195e-06,9.637414583781657e-10,9.789522397670936e-08,1.2631009792633913e-09,49.27007223306154,7.264124536005653e-05,1.6711632081088944e-07,98.85714942466169,0.9519531250000018,0.009324959154832987,8.760884272840983e-06
450,2000,1.0,0.9973,0.9964790919161391,0.997929909022459,-0.029805070429537246,-0.005013051803459356,-0.0003764184579985405,88105.62835523165,0.99105,0.9896471776750044,0.9922642237142951,-0.029551127759930608,-0.004874258210907935,-0.00028024845700732817,89368.96615132695,1.0,0.9998079639438954,0.9999999999999999,-0.029669836033774436,-0.004870070374997563,-0.0002792253483770462,97739.3067740718,0.008279669076669587,0.004874073722550634,3.273770999235079e-11,0.0,2.895661815602597e-10,3.218826808531712,1.8241735813788633e-05,5.757752502701038e-09,188.86791997990096,0.9511718750000019,0.00818646619777258,0.0,2.299321419474733e-09,9.416083326103038e-08,2.207549055321647e-08,213.9999598726571,0.0012368880876347846,3.95864639686991e-07,242.4208472234542,0.9566406250000016,0.00828067225074361,0.0,2.1762722718317687e-09,9.416083326103038e-08,8.36142052404439e-09,216.19044307354983,0.0004712868141847458,3.7552524959003685e-07,242.4208472234542,0.9570312500000016,0.008279669076669587,1.5538120403508058e-06,4.786998516994818e-10,9.416083326103038e-08,1.2715996264738985e-09,48.96018689612016,7.082262064302046e-05,8.255532362113857e-08,188.86791997990096,0.9511718750000019,0.009123213618413378,8.531811650180573e-06
600,150,1.0,0.99795,0.9972203323503435,0.9984884189413819,-0.04126364709202003,-0.006890821048810751,-0.0004947141519178106,3503.1168918994817,0.9938,0.9926132779492511,0.9947970672417399,-0.04115274034794585,-0.006694767250684483,-0.0003799164937785655,4180.067915741558,1.0,0.9998079639438954,0.9999999999999999,-0.04112116143233646,-0.0066898195025751304,-0.000383435166209814,5573.9526580624915,0.011060112819935148,0.006691589415960765,8.980883419403047e-10,0.0,2.307056762425846e-10,3.755039813477425,1.4066956031222951e-05,1.5806031885746412e-07,22.485056963526247,0.9554687500000016,0.010990222290735454,0.0,6.864748760919226e-08,1.2884803001719497e-07,2.449282951376912e-08,252.7915721569568,0.001335208841988088,1.1728589197037444e-05,20.678883449906674,0.9542968750000017,0.011064164157054492,0.0,5.736845207235114e-08,1.2884803001719497e-07,1.0556481911395507e-08,254.5286475193481,0.0005810803493312655,9.859226301601876e-06,20.678883449906674,0.9546875000000017,0.011060112819935148,2.1276421531449567e-06,1.130823289862126e-08,1.2884803001719497e-07,1.3046525887247226e-09,57.31486022034386,7.39211865995386e-05,1.973625199027706e-06,22.485056963526247,0.9554687500000016,0.012416554741561343,1.1628421178215396e-05
600,250,1.0,0.99795,0.9972203323503435,0.9984884189413819,-0.04058857335221427,-0.006744969032644774,-0.00048823968590067866,6768.523751255532,0.99505,0.9939777371072197,0.995932127993631,-0.04047200908293604,-0.006569068707601657,-0.0003720518382369819,7662.758151248396,1.0,0.9998079639438954,0.9999999999999999,-0.040415435970030465,-0.00656878579047406,-0.0003784997198024419,9424.486055761232,0.011018225835596678,0.006574668033331694,5.04423457381702e-10,0.0,2.2677441324171077e-10,3.761445324219329,1.3734523928116243e-05,8.878311920497364e-08,31.536175381185856,0.9539062500000017,0.010934666965372378,0.0,3.765497440970405e-08,1.2555174328920614e-07,2.1362854406499857e-08,250.89546604987234,0.0011448973444516102,6.439906568048634e-06,32.706250583247694,0.9539062500000017,0.011020197000627013,0.0,3.262337949887097e-08,1.2555174328920614e-07,8.919250257979785e-09,252.96178533597094,0.00048391832664656023,5.623508961122124e-06,32.706250583247694,0.9542968750000017,0.011018225835596678,2.1014606029754407e-06,6.693188471061045e-09,1.2555174328920614e-07,1.1889109638040021e-09,57.16874883167224,6.48697051931239e-05,1.1621395895311813e-06,31.536175381185856,0.9539062500000017,0.012333092889860706,1.1269596494267127e-05
600,500,1.0,0.9979,0.9971628472365731,0.9984459232587578,-0.04174708839052172,-0.006698613067966265,-0.000482545133493667,15495.455122421663,0.99425,0.9931030088228643,0.9952071635356763,-0.04138386334727912,-0.006522348287733593,-0.0003741823371740764,16510.866737185977,1.0,0.9998079639438954,0.9999999999999999,-0.04145200513891687,-0.006514349196981836,-0.00037101692836609374,18663.890734888628,0.010873578023053117,0.006518944779746052,2.3721777539001333e-10,0.0,2.1609229477595706e-10,3.8302163630943142,1.3376711894232019e-05,4.1837284384391496e-08,53.93654749514552,0.9523437500000018,0.010805791093311024,0.0,1.6838540946464635e-08,1.2750920102771843e-07,1.7903712773251454e-08,250.4373455632669,0.0009983877186651633,2.907461966016994e-06,62.24527751506801,0.9539062500000017,0.010889196597827578,0.0,1.5426266553702384e-08,1.2750920102771843e-07,7.2609397125670096e-09,252.36302730862604,0.0004048391576269344,2.6760505752833436e-06,62.24527751506801,0.9539062500000017,0.010873578023053117,2.1063612178797954e-06,3.3041679076182486e-09,1.2750920102771843e-07,1.0300750709050952e-09,56.82779785701251,5.7395425740583116e-05,5.699926533567972e-07,53.93654749514552,0.9523437500000018,0.01223988062461263,1.1483938200619341e-05
600,1000,1.0,0.998,0.9972779078878247,0.998530824200295,-0.040827240031839546,-0.006682845647709207,-0.0004961819926975415,33246.19090661503,0.99395,0.9927763542646242,0.99493393331555,-0.040696119212023464,-0.0065284967396200995,-0.00038382837351281514,34173.304796309916,1.0,0.9998079639438954,0.9999999999999999,-0.04069946612741998,-0.006530289168436912,-0.0003768325744933023,37626.88347815578,0.011073053676258654,0.006539334628098175,1.1290269169628554e-10,0.0,2.183796337951069e-10,3.793608850507849,1.3058659495099335e-05,1.983248988769558e-08,99.06320443440416,0.9511718750000019,0.010964246244821459,0.0,7.909183854873571e-09,1.288012735031487e-07,1.698020401972173e-08,251.47792086952,0.000921783740406047,1.3660230398383152e-06,122.76748037998868,0.9539062500000017,0.011061308299391816,0.0,7.565932516823566e-09,1.288012735031487e-07,6.693418036895427e-09,253.6964296138313,0.00036412072164897154,1.3044101614607297e-06,122.76748037998868,0.9539062500000017,0.011073053676258654,2.1175410479354437e-06,1.6411401221500539e-09,1.288012735031487e-07,9.795525551129688e-10,56.87482014517033,5.338404201608257e-05,2.825240065535406e-07,99.06320443440416,0.9511718750000019,0.012175336688020382,1.1588242166865684e-05
600,2000,1.0,0.99815,0.9974512113609938,0.9986574631163091,-0.04060486998449175,-0.006781690731698502,-0.00047389376620387245,71023.00939748544,0.99425,0.9931030088228643,0.9952071635356763,-0.04049364131584347,-0.006591749762008107,-0.0003730299055264649,71197.27861129241,1.0,0.9998079639438954,0.9999999999999999,-0.04044550697445522,-0.006602546090842755,-0.0003767403097282401,77339.29349174838,0.01096816109070663,0.006604509477578244,5.4604218533360336e-11,0.0,2.1524406211581873e-10,3.7909473317198255,1.292873517054228e-05,9.643442282533664e-09,189.01453139772303,0.9503906250000019,0.010899925522519591,0.0,3.8069183142156326e-09,1.2973381565128822e-07,1.5856154748481024e-08,251.45808316980555,0.0008805840404665451,6.590820709252437e-07,242.31958897588746,0.9539062500000017,0.010975857060161208,0.0,3.7166507234366404e-09,1.2973381565128822e-07,6.170755506478092e-09,253.75206640161252,0.0003434087355643144,6.414584191407878e-07,242.31958897588746,0.9539062500000017,0.01096816109070663,2.107783571962644e-06,8.153068297731798e-10,1.2973381565128822e-07,9.395739696082133e-10,56.99529160182625,5.141651734500834e-05,1.4101800164927005e-07,189.01453139772303,0.9503906250000019,0.012270131501058807,1.1673119741728568e-05
800,150,0.5004,0.9997002398081535,0.9991189687466971,0.9998980493651884,-0.0537712446781148,-0.009009599788848886,-0.0006277069834823209,3299.5079433138844,0.998701039168665,0.9977786879105529,0.9992406956920107,-0.05364630945564509,-0.008885997676262787,-0.0005592694122303685,3532.6914775889472,1.0,0.999616308464682,0.9999999999999999,-0.05361867542438403,-0.00887317741352993,-0.0005534451698319329,4480.495057469128,0.014735803739914895,0.008755786598392129,1.312060597473038e-09,0.0,1.1221067402334944e-10,4.481882817213496,6.867407323674728e-06,2.2912717608326743e-07,22.49498379034945,0.9550781250000017,0.014714429379868239,0.0,9.496698117120536e-08,1.7265823108060307e-07,1.1080047873702047e-08,292.13150993166164,0.0006161476921659047,1.6208346596406948e-05,20.655301333242857,0.9558593750000016,0.014758265322006053,0.0,8.949903171642753e-08,1.7265823108060307e-07,6.152925930930181e-09,293.5407128671171,0.0003415429324348919,1.540719590075935e-05,20.655301333242857,0.9562500000000016,0.014735803739914895,2.8896437925505992e-06,1.8803049799636655e-08,1.7265823108060307e-07,9.484663763673976e-10,66.57323941359643,5.4993533393477085e-05,3.2421052641569784e-06,22.49498379034945,0.9550781250000017,0.0164605606679022,1.5739631175036816e-05
800,250,0.49755,0.9991960606974174,0.9984142837523708,0.999592569606091,-0.05620208369729193,-0.00869662795390494,-0.0005408849748611264,5952.035210311046,0.9982916289820118,0.9972656245824254,0.9989330633648184,-0.056103683036256194,-0.008583415981015178,-0.0004912596823796415,6226.039293768724,1.0,0.9996141115017669,1.0000000000000002,-0.05615403713728525,-0.008614413427574196,-0.0004840409229811323,7257.415085763679,0.01449573278142414,0.008656604462527254,7.537657961968516e-10,0.0,9.736637113917986e-11,4.381566371892186,5.755114827422168e-06,1.3258084958668678e-07,31.535440818293296,0.9999999999999991,0.014458115231293582,0.0,5.477497510022313e-08,1.6919708075178354e-07,9.103547653129873e-09,295.60804192675465,0.0005106596406079691,9.425573272307789e-06,32.719544897015794,0.9999999999999991,0.014497415227039585,0.0,5.2880063379550525e-08,1.6919708075178354e-07,4.688519764226204e-09,296.578384793388,0.0002579354096563949,9.087500793528233e-06,32.719544897015794,0.9999999999999991,0.01449573278142414,2.862650764206043e-06,1.1296244853927429e-08,1.6919708075178354e-07,7.290562667520743e-10,67.08503481143146,4.1025002053490917e-05,1.9600865351690013e-06,31.535440818293296,0.9999999999999991,0.016307568562964517,1.5570344256330912e-05
800,500,0.5,0.9995,0.998829974053858,0.9997864115738362,-0.054845250758882746,-0.008714159777243637,-0.0005660435936319054,12921.02069903256,0.9984,0.997402363083803,0.9990148673403064,-0.05479203957137546,-0.00865711755312712,-0.0005085673571080926,13354.245151420142,1.0,0.9996160016293234,1.0,-0.054757789266237984,-0.008649912053089315,-0.0005028767661431068,14798.778981152082,0.014583439217463839,0.008801938976469931,3.749740594268608e-10,0.0,8.100882510490493e-11,4.452399289426697,5.098159957231145e-06,6.65938208010236e-08,53.94096488905815,0.9763671875000004,0.014540629401955277,0.0,2.6348440892083943e-08,1.739243794528267e-07,6.652429758696758e-09,295.81921359305,0.00041744062963606024,4.545428341966034e-06,62.52730640249874,0.9781250000000004,0.014606374430316345,0.0,2.5704172754453852e-08,1.739243794528267e-07,3.168849283422632e-09,296.8379031197396,0.00019058960681399468,4.436484078753524e-06,62.52730640249874,0.9783203125000004,0.014583439217463839,2.9056172000390443e-06,5.58401368937344e-09,1.739243794528267e-07,5.020531929686471e-10,67.1077429458304,2.9624231122993065e-05,9.77595259048983e-07,53.94096488905815,0.9763671875000004,0.016515574855259865,1.589114265679414e-05
800,1000,0.5017,0.9994020330875025,0.9986959076619738,0.9997259184960022,-0.051780701891528814,-0.00860132738329696,-0.0005966184397962419,26211.266337555877,0.998704405022922,0.9977844404053648,0.9992426635847591,-0.05174158095296965,-0.008550694344521739,-0.0005348223985443357,26587.737411135342,1.0,0.9996173023018491,1.0,-0.051859279184317715,-0.008561863274755792,-0.0005279433459874854,29092.2119218626,0.014597009022825291,0.008625501282551445,1.849135079971049e-10,0.0,7.68817415071117e-11,4.448865806615169,4.713677845477584e-06,3.275545659742884e-08,98.9711948266697,0.9511718750000019,0.014544847559018156,0.0,1.303056270177407e-08,1.7082476519302646e-07,6.035601362499036e-09,295.26772225924447,0.00036478541331603847,2.245140885637586e-06,122.40225571480283,0.9554687500000016,0.014603856868904792,0.0,1.2820294012087424e-08,1.7082476519302646e-07,2.6909247457182136e-09,296.2071346768548,0.0001553142015639115,2.21533185471353e-06,122.40225571480283,0.9558593750000016,0.014597009022825291,2.8544761782252783e-06,2.8098585293668184e-09,1.7082476519302646e-07,4.2289969229857995e-10,67.32615020836438,2.4492964555497494e-05,4.874343014150231e-07,98.9711948266697,0.9511718750000019,0.016330782756794962,1.5486974555482907e-05
800,2000,0.503,0.9997017892644136,0.9991235208191908,0.9998985763729239,-0.05351660382807053,-0.008711605398431702,-0.0006300841949427719,55944.7777697268,0.9990059642147118,0.9981710234920763,0.9994599548059971,-0.05331420862284395,-0.008650477151486577,-0.0005498185532015681,55478.71417220199,1.0,0.9996182910038464,0.9999999999999999,-0.05345219250218074,-0.008664947321014728,-0.0005528942498826285,60426.695879846,0.014836084645390702,0.008670238630733532,9.106113560021133e-11,0.0,7.399255569006496e-11,4.513299370029239,4.609985709631071e-06,1.6375768417121824e-08,188.99456074002833,0.9503906250000019,0.014800462965332323,0.0,6.383697877428357e-09,1.709100950524967e-07,5.345605005173497e-09,295.2543375640637,0.0003408664251536684,1.1059466842500084e-06,243.00246135756024,0.9554687500000016,0.014830815899012093,0.0,6.318830762643242e-09,1.709100950524967e-07,2.2293569726674844e-09,296.39729742841564,0.00013792775891085103,1.0965307154088392e-06,243.00246135756024,0.9554687500000016,0.014836084645390702,2.800834784908903e-06,1.399665617420708e-09,1.709100950524967e-07,3.5558011112618205e-10,66.88105741092903,2.183183839670505e-05,2.4231421927333034e-07,188.99456074002833,0.9503906250000019,0.016376578369612076,1.5336208605191975e-05
1000,150,0.0,nan,nan,nan,nan,nan,nan,nan,nan,nan,nan,nan,nan,nan,nan,nan,nan,nan,nan,nan,nan,nan,nan,0.010916171833786556,nan,0.0,nan,nan,nan,nan,22.48146267210643,0.9999999999999991,nan,0.0,nan,2.1400980858345677e-07,nan,nan,nan,nan,20.624691264397505,0.9999999999999991,nan,0.0,nan,2.1400980858345677e-07,nan,nan,nan,nan,20.624691264397505,0.9999999999999991,nan,3.553520921432477e-06,nan,2.1400980858345677e-07,nan,nan,nan,nan,22.48146267210643,0.9999999999999991,0.020619483565548085,1.9314199406926855e-05
1000,250,0.0,nan,nan,nan,nan,nan,nan,nan,nan,nan,nan,nan,nan,nan,nan,nan,nan,nan,nan,nan,nan,nan,nan,0.011004398486150495,nan,0.0,nan,nan,nan,nan,31.54781154026103,0.9999999999999991,nan,0.0,nan,2.098802354073746e-07,nan,nan,nan,nan,32.71696511373379,0.9999999999999991,nan,0.0,nan,2.098802354073746e-07,nan,nan,nan,nan,32.71696511373379,0.9999999999999991,nan,3.501684676154879e-06,nan,2.098802354073746e-07,nan,nan,nan,nan,31.54781154026103,0.9999999999999991,0.020475211387183067,1.9125485240056412e-05
1000,500,0.0,nan,nan,nan,nan,nan,nan,nan,nan,nan,nan,nan,nan,nan,nan,nan,nan,nan,nan,nan,nan,nan,nan,0.010887771992147632,nan,0.0,nan,nan,nan,nan,53.93825407477765,0.9999999999999991,nan,0.0,nan,2.1117874310462038e-07,nan,nan,nan,nan,62.584765077826724,0.9999999999999991,nan,0.0,nan,2.1117874310462038e-07,nan,nan,nan,nan,62.584765077826724,0.9999999999999991,nan,3.5304920034828344e-06,nan,2.1117874310462038e-07,nan,nan,nan,nan,53.93825407477765,0.9999999999999991,0.02051220889056797,1.897334231073771e-05
1000,1000,0.0,nan,nan,nan,nan,nan,nan,nan,nan,nan,nan,nan,nan,nan,nan,nan,nan,nan,nan,nan,nan,nan,nan,0.010969580214446028,nan,0.0,nan,nan,nan,nan,98.95625945440781,0.9999999999999991,nan,0.0,nan,2.0725648254238136e-07,nan,nan,nan,nan,121.88960952609273,0.9999999999999991,nan,0.0,nan,2.0725648254238136e-07,nan,nan,nan,nan,121.88960952609273,0.9999999999999991,nan,3.427786182900216e-06,nan,2.0725648254238136e-07,nan,nan,nan,nan,98.95625945440781,0.9999999999999991,0.020589135953878943,1.856532524660965e-05
1000,2000,0.0,nan,nan,nan,nan,nan,nan,nan,nan,nan,nan,nan,nan,nan,nan,nan,nan,nan,nan,nan,nan,nan,nan,0.010628300933773562,nan,0.0,nan,nan,nan,nan,188.82447587177413,0.9999999999999991,nan,0.0,nan,2.1692619506892597e-07,nan,nan,nan,nan,241.72808741696417,0.9999999999999991,nan,0.0,nan,2.1692619506892597e-07,nan,nan,nan,nan,241.72808741696417,0.9999999999999991,nan,3.6259886279106867e-06,nan,2.1692619506892597e-07,nan,nan,nan,nan,188.82447587177413,0.9999999999999991,0.020425213988398735,1.959941872899969e-05
