input,prcc
re3_rate,-0.957046
sev3_p,-0.875146
platoon_speed_kmh,-0.459623
f_cycle_a,-0.210984
re1_rate,-0.141542
sev1_p,-0.067196
q_lead,0.052438
impact_speed_frac,0.031927
offset_op_m,0.028122
startup_lost_s,-0.020014
w_onset,-0.017770
ttc50,0.016921
occ1,0.016567
clear_buffer_s,-0.016508
a_veh_ms2,0.015926
occ2,0.014868
v_clear_kmh,0.013917
s_ttc,0.013318
d_sight_m,-0.012706
mass1_kg,0.011655
w_occ,0.011640
sat_headway_s,-0.011243
r_v2,-0.010327
onset_window_s,0.010155
r_v1a,0.009765
t_confirm_s,-0.008517
enc_rate_vkm,0.007755
p_evade_harm,0.007167
offset_m,0.006764
r_v0,-0.006660
t_deploy_s,0.003841
f_cycle_b,-0.003781
p_detect_s0,-0.002971
deploy_speed_kmh,0.002740
p_detect_s1b,0.001946
mass2_kg,-0.001121
reach_alpha,0.000650
s0_green_margin,0.000633
p_detect_s2,0.000479
