q_vph_dir,section_m,stable_frac,p_dh_neg_s1a,p_lo_s1a,p_hi_s1a,dh_q05_s1a,dh_q50_s1a,dh_q95_s1a,breakeven_q50_s1a,p_dh_neg_s1b,p_lo_s1b,p_hi_s1b,dh_q05_s1b,dh_q50_s1b,dh_q95_s1b,breakeven_q50_s1b,p_dh_neg_s2,p_lo_s2,p_hi_s2,dh_q05_s2,dh_q50_s2,dh_q95_s2,breakeven_q50_s2,cap_finite_n_S0,cap_binds_n_S0,cap_binds_frac_S0,onset_probability_max_S0,w1_S0,w3_S0,w5_S0,w4d_S0,w5b_S0,violations_day_S0,conflicts_day_S0,collisions_day_S0,clearance_s_S0,safe_window_S0,cap_finite_n_S1a,cap_binds_n_S1a,cap_binds_frac_S1a,onset_probability_max_S1a,w1_S1a,w3_S1a,w5_S1a,w4d_S1a,w5b_S1a,violations_day_S1a,conflicts_day_S1a,collisions_day_S1a,clearance_s_S1a,safe_window_S1a,cap_finite_n_S1b,cap_binds_n_S1b,cap_binds_frac_S1b,onset_probability_max_S1b,w1_S1b,w3_S1b,w5_S1b,w4d_S1b,w5b_S1b,violations_day_S1b,conflicts_day_S1b,collisions_day_S1b,clearance_s_S1b,safe_window_S1b,cap_finite_n_S2,cap_binds_n_S2,cap_binds_frac_S2,onset_probability_max_S2,w1_S2,w3_S2,w5_S2,w4d_S2,w5b_S2,violations_day_S2,conflicts_day_S2,collisions_day_S2,clearance_s_S2,safe_window_S2,strikes_day_S0,strikes_day_S2
100,150,1.0,0.9861,0.98438156300529,0.987631739540965,-0.006776662692626505,-0.0010905495810682453,-5.627708212103101e-05,6.276895500528045,0.98785,0.9862352412214113,0.9892773891986475,-0.006770972869600692,-0.001082166629436976,-5.240038641601885e-05,8.920341568145592,0.99975,0.9994148495964674,0.9998932103654561,-0.006781602337382883,-0.001098624656480552,-6.230630196571209e-05,12.748126344379099,20000,0,0.0,0.04493743557308082,0.0018377186160668853,0.0011022087446379248,4.0771542687984534e-08,0.0,5.951483061579527e-09,0.9666992629376334,0.00035101806218461144,2.8806687320993755e-06,22.525315035937822,0.7808310650578161,20000,621,0.03105,1.0000000000000002,0.0018292317875137835,0.0,6.170691641687159e-06,2.0936681538447044e-08,9.94208011162186e-07,64.45317527118118,0.05738645797433753,0.00042780581201386263,20.68650471505245,0.7590990623378853,20000,610,0.0305,1.0000000000000002,0.0018363669395014977,0.0,4.228296378537418e-06,2.0936681538447044e-08,6.518906254514986e-07,64.79061737980227,0.038493789148600716,0.0002933612149433634,20.68650471505245,0.7577630087523104,20000,0,0.0,0.5109263914149004,0.0018377186160668853,4.1334930293206917e-07,6.853501478649529e-07,2.0936681538447044e-08,1.0130160159950502e-07,14.525495458983864,0.005920985063305654,4.831444175093314e-05,22.525315035937822,0.7808310650578161,0.0020434293383330216,2.222737680483216e-06
100,250,1.0,0.99285,0.991583946429702,0.9939267636297957,-0.006460265049683457,-0.0010868292882685524,-6.288681393957487e-05,11.577746246440121,0.99265,0.9913679419026656,0.9937428449712545,-0.006449606296837615,-0.001075540414242355,-5.487828355812249e-05,16.410448352703217,1.0,0.9998079639438954,0.9999999999999999,-0.0064748371442542385,-0.0010813517006501752,-6.0566729858948644e-05,23.871574105569255,20000,0,0.0,0.06549209246679384,0.0018199505861608008,0.0010834117868572368,2.2115376197846366e-08,0.0,1.0777781385093734e-08,0.9778478104717384,0.0005290710376226705,1.5665636868224018e-06,31.504202485254794,0.7599342924476946,20000,2837,0.14185,1.0000000000000002,0.0018132809438675583,0.0,3.3412520970928474e-06,2.1365875464318114e-08,1.7050613884026736e-06,64.37744058405977,0.08345460540897062,0.0002298232428591119,32.66131927554741,0.7466296768189182,20000,2792,0.1396,1.0000000000000002,0.0018190527440109612,0.0,2.3241306110500267e-06,2.1365875464318114e-08,1.125083309358147e-06,64.67152838151802,0.0554696134999917,0.00016326391853025207,32.66131927554741,0.7455090342359447,20000,0,0.0,0.7149676524900537,0.0018199505861608008,4.302658328467553e-07,3.6959842426418103e-07,2.1365875464318114e-08,1.7777229265308378e-07,14.600420372798848,0.00867566890479998,2.6238858430238228e-05,31.504202485254794,0.7599342924476946,0.002043755494314516,2.34401751000081e-06
100,500,1.0,0.9969,0.9960283222984191,0.9975808322690242,-0.006781071718612058,-0.0011100145527030577,-6.870859786959677e-05,20.648000222405066,0.99615,0.9951912571307401,0.9969181854907873,-0.006755444143614056,-0.001098064491615881,-5.961146292361432e-05,28.590200651317783,0.99995,0.9997168094297738,0.9999911737177268,-0.006776731346587159,-0.0011003023404473785,-6.26554154450362e-05,59.666575916836564,20000,0,0.0,0.11732978445506842,0.0018374046360704814,0.0011012003964801895,9.04823625229121e-09,0.0,3.768508260198388e-08,0.9718301910926006,0.0014297030471212774,6.397362212446574e-07,53.90068208136222,0.7484081047104948,20000,10106,0.5053,1.0000000000000002,0.0018267831185325722,0.0,1.9774423444890804e-06,2.1278204109726904e-08,7.910865937459264e-06,64.63459244896936,0.3223114104157005,0.00013776795839203328,62.537859967391626,0.6699608592451252,20000,10033,0.50165,1.0000000000000002,0.0018368475013157072,0.0,1.4192991818164932e-06,2.1278204109726904e-08,5.2991530726239076e-06,64.88366611521874,0.2027499448927789,9.957484466651457e-05,62.537859967391626,0.6693927073689814,20000,11,0.00055,1.0,0.0018374046360704814,4.3112986712466717e-07,1.5301929547815572e-07,2.1278204109726904e-08,6.261108205636686e-07,14.567899282963012,0.021722327715669204,1.095692348137315e-05,53.90068208136222,0.7484081047104948,0.0020531492520319966,2.3014865269340397e-06
100,1000,1.0,0.99775,0.99699090398009,0.9983179241260579,-0.006654450936247085,-0.0011109079981113405,-7.172489776201265e-05,27.372690533360522,0.9966,0.9956923559047284,0.9973169138843485,-0.006619977368199451,-0.0010980797453561965,-6.232453606076824e-05,35.199196929518365,1.0,0.9998079639438954,0.9999999999999999,-0.006630462872925924,-0.0011022838042720191,-6.486233195128897e-05,111.26921941752474,20000,0,0.0,0.18190407053379573,0.001847951929532562,0.0011032607836630173,4.5237272665380896e-09,0.0,2.9704517718318967e-07,0.9612674807753896,0.027662678245314647,3.253297153523333e-07,98.95677365496508,0.7407743281182367,20000,17333,0.86665,1.0000000000000002,0.0018384950130638767,0.0,1.5023747253890421e-06,2.0998030936032142e-08,7.215147921259747e-05,64.48605759667734,7.384934146776365,0.00010757640863631005,122.90710649468798,0.5143667792734925,20000,17305,0.86525,1.0000000000000002,0.0018480693369106284,0.0,1.1217375726104504e-06,2.0998030936032142e-08,5.5278935679115956e-05,64.78403122024949,5.88663398764887,8.142227047965714e-05,122.90710649468798,0.5131280267764637,20000,758,0.0379,1.0000000000000002,0.001847951929532562,4.239916626283568e-07,7.896653334182174e-08,2.0998030936032142e-08,5.5128756231459365e-06,14.56549042482482,0.5601644058880471,5.699439083909417e-06,98.95677365496508,0.733040374364323,0.0020568575098001687,2.3076415542728737e-06
100,2000,1.0,0.99825,0.9975672660559343,0.9987413700141574,-0.006704318001225552,-0.0011142748524093434,-7.361118905712819e-05,40.06199424656863,0.99665,0.9957482370499539,0.9973610135355174,-0.006685944790680873,-0.0010972110727720825,-6.342742183199987e-05,47.85122369418001,0.99995,0.9997168094297738,0.9999911737177268,-0.006696815240687215,-0.0010996004340531628,-6.60343571292502e-05,156.36618111793595,20000,0,0.0,0.414269035851091,0.001820933051939852,0.001100667551761907,2.7105019399838216e-09,0.0,9.900273625238024e-07,0.9650143672567717,0.06833864891073227,1.9808622910899353e-07,188.79918646435448,0.7379455510924302,20000,19721,0.98605,1.0000000000000002,0.0018112487637536676,0.0,1.0141918339761338e-06,2.0834494006516114e-08,0.000286251348488055,63.99041599291202,22.30287879462335,7.340806410532273e-05,242.75804736355354,0.39685868932174867,20000,19718,0.9859,1.0000000000000002,0.001821626098871207,0.0,8.112184999212526e-07,2.0834494006516114e-08,0.00022821209955157856,64.32129972103297,17.724944990897434,5.9576807115210116e-05,242.75804736355354,0.39815101096208166,20000,4809,0.24045,1.0000000000000002,0.001820933051939852,4.2291132247681094e-07,5.6604563357421685e-08,2.0834494006516114e-08,2.020995720878803e-05,14.556117768716984,1.4839853821450792,4.0635401235693706e-06,188.79918646435448,0.6813979913411609,0.002047203235705891,2.2896329935378784e-06
200,150,1.0,0.9872,0.9855458786607396,0.988667001406192,-0.013365273406779057,-0.0022289511878307708,-0.00012609330306850863,6.0741104846358915,0.98705,0.9853869434080648,0.9885259942696837,-0.013351800330429368,-0.0021993208492599547,-0.00010475279198599427,8.152296141374705,0.99995,0.9997168094297738,0.9999911737177268,-0.013397980377506384,-0.00223013715701026,-0.00013160926033346722,10.937220962763043,20000,0,0.0,0.04750576818227377,0.003618646546481842,0.002235330968535252,9.62647202926788e-08,0.0,1.0229821418482172e-08,1.7543531811864579,0.000584590100016757,6.91653329057058e-06,22.511923268551868,0.7830490684781851,20000,1035,0.05175,1.0000000000000002,0.0035947854462745846,0.0,1.3347034456774844e-05,4.308154198533815e-08,1.7402653679554895e-06,117.9843614712452,0.09713076782534721,0.0009417097937810643,20.72875851554118,0.7598050340244644,20000,991,0.04955,1.0000000000000002,0.0036197946341529883,0.0,9.707462245177242e-06,4.308154198533815e-08,1.1560616799951234e-06,118.87076139603926,0.0654893431848315,0.0006925387613952575,20.72875851554118,0.757528725864428,20000,0,0.0,0.5522773421810504,0.003618646546481842,8.559241701277323e-07,1.6253835717406947e-06,4.308154198533815e-08,1.7340876974401836e-07,26.97771572286497,0.009939299178365429,0.0001171303343451855,22.511923268551868,0.7830490684781851,0.004141495702061064,4.644749261871342e-06
200,250,1.0,0.99325,0.9920166536273292,0.9942939028033235,-0.013330856152707989,-0.002214195105631208,-0.00014119044949824068,10.967425283153087,0.99095,0.9895400121752992,0.9921714276212116,-0.013314745851023522,-0.0021625547130342537,-0.00011633532632071794,14.195002026272476,1.0,0.9998079639438954,0.9999999999999999,-0.01331179243740338,-0.0021780192610552844,-0.0001258326832742006,21.538993273569297,20000,0,0.0,0.06817425628189662,0.0036482955114335368,0.0021826536162901982,4.8950289610525534e-08,0.0,1.7855212102355565e-08,1.7596638285365453,0.0008774349470522511,3.500026561158411e-06,31.47712300250257,0.769297731609609,20000,3986,0.1993,1.0000000000000002,0.003624992463031208,0.0,7.472629852161948e-06,4.3165721205641876e-08,3.0689771832323755e-06,118.61154153979516,0.14669111146360014,0.0005298084388630612,32.75287701224026,0.7390138992723223,20000,3886,0.1943,1.0000000000000002,0.003644539647603808,0.0,5.5156234617059855e-06,4.3165721205641876e-08,2.019521860817211e-06,119.52388688858852,0.09741348571180575,0.00039027751379377073,32.75287701224026,0.7378852555065103,20000,0,0.0,0.8303430262734767,0.0036482955114335368,8.641694999583828e-07,8.470266963531945e-07,4.3165721205641876e-08,2.961290237448174e-07,26.755067809175124,0.014430907369084508,6.068177899905865e-05,31.47712300250257,0.769297731609609,0.004125951040128751,4.6992937433998215e-06
200,500,1.0,0.99525,0.9941973537644435,0.9961124345219847,-0.013252053886420916,-0.002260376309868462,-0.000145903240265566,16.21148191229798,0.993,0.9917460998660389,0.9940645525826418,-0.013174360326130603,-0.002218830002621944,-0.00011426873354728975,20.649833921896473,1.0,0.9998079639438954,0.9999999999999999,-0.013195531979764313,-0.0022280306402375173,-0.00012599292199682682,47.12716850846204,20000,0,0.0,0.11658794646544567,0.0036246863179214047,0.0022299187088420346,2.265310413387024e-08,0.0,6.538218839287585e-08,1.7687513257655518,0.002583486939578873,1.6314005086885288e-06,53.94805624592917,0.7533506754854549,20000,11713,0.58565,1.0000000000000002,0.0035948895636374635,0.0,5.1656577088293705e-06,4.210683959946043e-08,1.5566511963677872e-05,118.23338521172717,0.6882731448702202,0.0003704450535945789,62.47310844052312,0.6348105859341169,20000,11546,0.5773,1.0000000000000002,0.0036252520540614895,0.0,3.898641509423596e-06,4.210683959946043e-08,1.0695824351266768e-05,119.14119076084238,0.4315666556731428,0.0002819087302490472,62.47310844052312,0.6380008538645864,20000,30,0.0015,1.0,0.0036246863179214047,8.420680735399213e-07,3.92019490246384e-07,4.210683959946043e-08,1.1069357558065354e-06,26.91921867924642,0.039112225322487676,2.7596498284912837e-05,53.94805624592917,0.7532359108723723,0.004135464370033147,4.565390364293376e-06
200,1000,1.0,0.99755,0.996762740834407,0.9981461640861634,-0.013070432742828432,-0.002189672505593563,-0.00014767844275429348,19.18542879386454,0.99325,0.9920166536273292,0.9942939028033235,-0.013059211209134664,-0.0021418394743496854,-0.00011232066239242031,23.036510398469993,0.99995,0.9997168094297738,0.9999911737177268,-0.013036432879801366,-0.0021426783217901113,-0.00012093344846629896,78.81923103187043,20000,0,0.0,0.21792501140296475,0.0036781239397034367,0.0021461104727727174,1.2284779411921636e-08,0.0,4.885507637147303e-07,1.7667791943963027,0.04404992633949639,8.878565386765964e-07,98.90609893830458,0.7413260089416205,20000,18195,0.90975,1.0000000000000002,0.0036518230947669436,0.0,4.153613735902031e-06,4.185964157349426e-08,0.00014027524339837685,117.24194663995078,14.018571368097135,0.00030446258935916415,122.53744828154258,0.4576694034778637,20000,18126,0.9063,1.0000000000000002,0.003679666277254999,0.0,3.2900531487072318e-06,4.185964157349426e-08,0.00010830229143942658,118.20642173321926,11.05756953431936,0.00024072119815369235,122.53744828154258,0.4617908514358824,20000,1155,0.05775,1.0000000000000002,0.0036781239397034367,8.373573328192099e-07,2.1479530354646992e-07,4.185964157349426e-08,9.068858535815945e-06,26.745092693074223,0.9234339224691076,1.5680034526400814e-05,98.90609893830458,0.7296401599396289,0.004022490268753419,4.5509010146506005e-06
200,2000,1.0,0.9973,0.9964790919161391,0.997929909022459,-0.01342500676950109,-0.0022044919913542633,-0.00014730103832809283,24.867526623175152,0.9935,0.9922875978181341,0.9945228625944907,-0.013394342872397645,-0.0021565676911829324,-0.00011708375376372349,28.32306872374423,1.0,0.9998079639438954,0.9999999999999999,-0.013399424541067791,-0.002162239950694603,-0.00012389557914687288,92.92834725633443,20000,0,0.0,0.4341766537416996,0.0036583094045064706,0.0021643563227634333,8.410108200475697e-09,0.0,1.7021282278761175e-06,1.798248109973134,0.11631228925754405,6.048281028015517e-07,188.55175630922815,0.7375718435908072,20000,19843,0.99215,1.0000000000000002,0.0036251131674102516,0.0,3.177456054478232e-06,4.222904752112143e-08,0.0005433042930473396,118.27728205549181,42.35729673234775,0.00023057696040987248,242.3211833967996,0.34856407617714374,20000,19840,0.992,1.0000000000000002,0.0036576536156863373,0.0,2.6862033905331907e-06,4.222904752112143e-08,0.0004288233864733462,119.05915993804348,33.579523760220624,0.00019548090954317414,242.3211833967996,0.3525140532837608,20000,6164,0.3082,1.0000000000000002,0.0036583094045064706,8.501657132463707e-07,1.891211214252793e-07,4.222904752112143e-08,3.773882151366376e-05,26.78282636954603,2.678234547545097,1.3578460826152719e-05,188.55175630922815,0.6602188314444173,0.004119438475864684,4.604191867639701e-06
300,150,1.0,0.98745,0.9858108924941146,0.988901891554789,-0.019784607255506407,-0.003297892402449816,-0.00018721207963271023,5.781534698125532,0.98425,0.982429123811428,0.9858848892682346,-0.019759531739994684,-0.00319937531523967,-0.00014760431005246059,7.382367969569543,0.99985,0.9995590363727073,0.999948985182005,-0.019792431116848832,-0.003256708911029709,-0.00018316075979448457,10.149489659233506,20000,0,0.0,0.05613805632164456,0.005534990886226386,0.003263926547499901,1.5520857212607472e-07,0.0,1.2552288893412386e-08,2.4813258622898813,0.0007327299328869477,1.1197273478429696e-05,22.514384341523197,0.7838474039305849,20000,1739,0.08695,1.0000000000000002,0.005485113145774729,0.0,2.1105042195884155e-05,6.47041610671033e-08,2.1756700730438763e-06,164.55149559114793,0.12396239312059032,0.0015088936578487662,20.666096606290033,0.7526589839776299,20000,1636,0.0818,1.0000000000000002,0.0055372149047608595,0.0,1.579404468071636e-05,6.47041610671033e-08,1.4593449405984581e-06,166.04667789916928,0.08346023070027488,0.0011339010599462937,20.666096606290033,0.7523845901828626,20000,0,0.0,0.7025116310345476,0.005534990886226386,1.3074092411830221e-06,2.6061210638716195e-06,6.47041610671033e-08,2.140886588198837e-07,36.97816825876522,0.01212508498580753,0.00018735516335524174,22.514384341523197,0.7838474039305849,0.006139407662196226,7.035388468534941e-06
300,250,1.0,0.9913,0.9899152729373634,0.9924960324339082,-0.020137591892441787,-0.003352061377135066,-0.00020138815318093548,8.932256782234946,0.9877,0.9860760624078233,0.9891366256230523,-0.019944000231975696,-0.0032699316030589893,-0.00015289456807915857,11.397025525989207,0.99995,0.9997168094297738,0.9999911737177268,-0.019897971562745278,-0.0032935110750265785,-0.00018143780766115462,18.81733428118544,20000,0,0.0,0.07821285422430536,0.005485442965429268,0.0032998050867833924,8.506956324574375e-08,0.0,2.254693871601007e-08,2.431703624470132,0.0011174746397223097,6.009314583764513e-06,31.499269269775205,0.7674154216460567,20000,5532,0.2766,1.0000000000000002,0.00543323709696736,0.0,1.3804063067746923e-05,6.299413786677727e-08,4.1930042550983e-06,164.00396323628235,0.20778565409586824,0.0009878165853851343,32.50369758267653,0.7133501246923475,20000,5300,0.265,1.0000000000000002,0.005486302252697745,0.0,1.0480759579682977e-05,6.299413786677727e-08,2.7835343521945946e-06,165.38373707566492,0.13721848722832167,0.0007479924082801055,32.50369758267653,0.7148478666664159,20000,0,0.0,0.8811351545051072,0.005485442965429268,1.2758778080516753e-06,1.459808087860756e-06,6.299413786677727e-08,3.708574113412051e-07,37.02102795106021,0.018093083483412,0.00010406988098825852,31.499269269775205,0.7674154216460567,0.006120433362531023,6.898325840168238e-06
300,500,1.0,0.99405,0.9928851632220217,0.9950250859509413,-0.01990247336288179,-0.0033811752840515828,-0.00021738519224226278,12.214491607653144,0.9893,0.9877771810326481,0.9906348924828479,-0.019786113773434193,-0.003270262189526199,-0.00016701534856314857,14.86514664000682,1.0,0.9998079639438954,0.9999999999999999,-0.019801603502321765,-0.0032965854352885213,-0.00018874103428268276,39.8884949165369,20000,0,0.0,0.14077000707564957,0.005409903674814122,0.0033005180035405096,4.016851620263863e-08,0.0,7.980653259923271e-08,2.4495823505005916,0.003083773493190789,2.882027928704834e-06,53.93711254285499,0.7553303008991226,20000,13737,0.68685,1.0000000000000002,0.005358838145517976,0.0,1.0500533932299111e-05,6.380231748557003e-08,2.330002592393189e-05,161.98930944042178,0.9917559536326133,0.0007517707281030759,62.561990069886924,0.5678725424890769,20000,13473,0.67365,1.0000000000000002,0.005410970850517199,0.0,8.006665176294526e-06,6.380231748557003e-08,1.5629836068846176e-05,163.6974249959049,0.6243411768284067,0.0005786879590545118,62.561990069886924,0.5765995322526276,20000,116,0.0058,1.0,0.005409903674814122,1.2769112876078168e-06,6.848594164054146e-07,6.380231748557003e-08,1.3948213183761409e-06,36.88729588354799,0.04662403605193577,4.976625401266886e-05,53.93711254285499,0.7544126718538244,0.006154180051506185,6.933180075998216e-06
300,1000,1.0,0.9958,0.9948035509604237,0.9966060260863429,-0.02025225867913843,-0.003302893711802729,-0.00022413234548344398,14.008901155568068,0.9914,0.9900225854955916,0.9925886814684687,-0.020125970496728356,-0.003207070215350793,-0.00017138846924753234,16.328841613191457,1.0,0.9998079639438954,0.9999999999999999,-0.02016339741078152,-0.003223804110329559,-0.00019195058729564333,63.11919269491438,20000,0,0.0,0.25573142365911916,0.0054548153922604065,0.0032266569641179787,2.2791431895670953e-08,0.0,6.340708057447491e-07,2.4624010539682835,0.057169502217866666,1.659953873642395e-06,98.83501267617811,0.7406727868465733,20000,18936,0.9468,1.0000000000000002,0.005409442266538623,0.0,8.993799418332197e-06,6.313398568015876e-08,0.00021601185496533188,163.10112670393013,22.34723925076267,0.0006600839853352304,122.17739897154205,0.3796808995579067,20000,18842,0.9421,1.0000000000000002,0.005457306458456036,0.0,7.316675375501183e-06,6.313398568015876e-08,0.00016469079432563348,164.8406173635463,17.59860088147309,0.0005383829891266836,122.17739897154205,0.38830425582843153,20000,1910,0.0955,1.0000000000000002,0.0054548153922604065,1.2737720607357433e-06,4.2584038685401226e-07,6.313398568015876e-08,1.2381257013424539e-05,36.87470732953649,1.1934247524046506,3.0974555911560314e-05,98.83501267617811,0.7181084460952467,0.00611704129745178,6.860724647707154e-06
300,2000,1.0,0.99535,0.994307318008138,0.996202431871079,-0.020608175424505472,-0.00335150877260824,-0.00023687463255948616,18.19137820993287,0.98925,0.9877239071474122,0.9905881855716894,-0.020479187461011718,-0.0032463677703886296,-0.00017977750050466302,19.662576825468875,0.99995,0.9997168094297738,0.9999911737177268,-0.020498412761992227,-0.0032575737173615063,-0.00019861159419017768,63.946623977597675,20000,0,0.0,0.50306043431223,0.005576194311882832,0.0032626347282150494,1.561294671225818e-08,0.0,2.0368636769654273e-06,2.438577975952649,0.14101462880271418,1.1330152500841966e-06,189.06148467356132,0.7361726707616156,20000,19931,0.99655,1.0000000000000002,0.0055241345458099155,0.0,6.739939882677264e-06,6.540934181897406e-08,0.0007777239416142345,162.3652438902741,60.47405267504141,0.0004911117483442165,242.42439863557883,0.28911484406824506,20000,19914,0.9957,1.0000000000000002,0.005579918103530077,0.0,5.818462859094841e-06,6.540934181897406e-08,0.0006159420871754175,164.13007189170423,48.12469005681437,0.000429456542657672,242.42439863557883,0.2956394621121979,20000,8133,0.40665,1.0000000000000002,0.005576194311882832,1.2953693830856455e-06,4.155469263763137e-07,6.540934181897406e-08,5.198979852251998e-05,37.061145879716626,3.7247722042778815,2.978298437931143e-05,189.06148467356132,0.6244293573986373,0.006169120801277213,6.996383018216529e-06
450,150,1.0,0.98465,0.9828507153421648,0.9862631441086529,-0.031000272690677465,-0.004916549517384306,-0.0002866421384846933,5.180701722809152,0.98065,0.9786465425256914,0.9824688532135752,-0.03070984156672819,-0.004809428614588174,-0.0002147243687769098,6.3935928883272055,0.9999,0.9996354263863794,0.9999725759647273,-0.030782511029997007,-0.004871845576700894,-0.00028651905809898314,10.064606433815717,20000,0,0.0,0.08469124661937008,0.008181470773340685,0.004885500388163924,2.38657691901449e-07,0.0,1.3334544317792382e-08,3.210172872484807,0.0007807261907304269,1.730168605275503e-05,22.461176778772163,0.7780485782806392,20000,4232,0.2116,1.0000000000000002,0.008077646232362613,0.0,3.630655373673117e-05,9.576207448064482e-08,2.6264977570953636e-06,215.44799864428705,0.14988909795853889,0.002600161647321942,20.66064796271678,0.7141359842655883,20000,3902,0.1951,1.0000000000000002,0.008176124380880424,0.0,2.7966576916996817e-05,9.576207448064482e-08,1.7508591951817378e-06,217.65744811850936,0.10277622222552123,0.00203151056510096,20.66064796271678,0.719896380622881,20000,0,0.0,0.9464009975526139,0.008181470773340685,1.944839420126281e-06,4.045241675167218e-06,9.576207448064482e-08,2.2520875248326537e-07,48.80061532449657,0.01340941562825661,0.00029456626067145796,22.461176778772163,0.7780485782806392,0.009248379996728215,1.0614347215995138e-05
450,250,1.0,0.9894,0.9878837525564804,0.9907282825518043,-0.03050461759388996,-0.004912493940372268,-0.0003062253554922837,6.612424766877462,0.98505,0.9832726038556724,0.9866411019663005,-0.030302335896268483,-0.004775117677860747,-0.0002252796428584506,8.283725997027293,1.0,0.9998079639438954,0.9999999999999999,-0.03030854004514791,-0.004850154555377144,-0.0002845965725830466,17.628121024646656,20000,0,0.0,0.1019807475894798,0.008282826068558957,0.004861851245182218,1.3406240319295252e-07,0.0,2.2772009796656602e-08,3.232089877753652,0.0011529526094451153,9.779017113092758e-06,31.513381766128262,0.7630395450943941,20000,9657,0.48285,1.0000000000000002,0.008189762218735052,0.0,2.845673324216282e-05,9.869834839353826e-08,6.194330591184519e-06,214.67701577565558,0.31329020705336574,0.0020454062616995228,32.62423327691575,0.6254451757881092,20000,9214,0.4607,1.0000000000000002,0.008274888581169676,0.0,2.177247535673263e-05,9.869834839353826e-08,4.012628804696877e-06,216.81740271230564,0.20229301961539828,0.0015667446654692753,32.62423327691575,0.6380619582922538,20000,16,0.0008,1.0,0.008282826068558957,1.957034042864014e-06,2.2720169291102777e-06,9.869834839353826e-08,3.8634415050393407e-07,48.760079055508115,0.018987450978462442,0.00016653338162427218,31.513381766128262,0.7628628386603313,0.009225427286812304,1.0675037837295045e-05
450,500,1.0,0.99175,0.9903985281879398,0.9929126043508812,-0.029973953761333424,-0.0050533137529292435,-0.0003169885325363798,7.001246543756746,0.98565,0.9839060194460038,0.9872074559327019,-0.029653447947638967,-0.004915032978548311,-0.00023620086789595548,8.3739094078048,0.99995,0.9997168094297738,0.9999911737177268,-0.02966676258371391,-0.004980623826434091,-0.0002886810029875575,33.11178428366009,20000,0,0.0,0.23392320683727857,0.008198365776801855,0.004986154438535841,6.919996400954041e-08,0.0,8.600859084520927e-08,3.257741066699989,0.0032136323234591363,5.036224393163522e-06,53.92997614848304,0.7486363260806532,20000,17086,0.8543,1.0000000000000002,0.008103197511919645,0.0,2.7485695652522178e-05,9.326960238589495e-08,3.977548022888249e-05,213.7840452787259,1.6435763945576505,0.002022609037366758,62.52123662535976,0.3698818660014063,20000,16876,0.8438,1.0000000000000002,0.00818579396342796,0.0,2.1640698975180517e-05,9.326960238589495e-08,2.6511472580727376e-05,216.19794930610982,1.0498399000678387,0.0015995590605953154,62.52123662535976,0.3869971494379759,20000,746,0.0373,1.0000000000000002,0.008198365776801855,1.869332559149755e-06,1.1799915194867415e-06,9.326960238589495e-08,1.4750785778220389e-06,48.89925077229388,0.05074915875501551,8.670301759614675e-05,53.92997614848304,0.740485289910757,0.009300124044657342,1.022051585562676e-05
450,1000,1.0,0.99265,0.9913679419026656,0.9937428449712545,-0.03040064563869345,-0.005105064669086719,-0.0003215180537575697,8.103738842373076,0.98645,0.9847517299244638,0.9879614381965521,-0.03022612867742296,-0.004962345754518135,-0.0002374124722428437,8.97387503418986,1.0,0.9998079639438954,0.9999999999999999,-0.03033131363710367,-0.005015976346790626,-0.0002826560740762283,42.47423306858078,20000,0,0.0,0.3864401642388173,0.008204363514272712,0.005024920275693426,4.259779992151636e-08,0.0,6.023739757257445e-07,3.1838699631134912,0.05603807622810204,2.9953916447233974e-06,98.85714942466169,0.7368145005138766,20000,19708,0.9854,1.0000000000000002,0.008140383658880567,0.0,2.3117123451215195e-05,9.789522397670936e-08,0.0003193506802690863,214.59305929349415,35.70970505833739,0.0016481646136458205,122.3439281248875,0.25178762508337343,20000,19661,0.98305,1.0000000000000002,0.008214933855446683,0.0,1.944582485959533e-05,9.789522397670936e-08,0.00024416140791940513,216.78229991426468,27.863121919572155,0.0014080224161872577,122.3439281248875,0.2625209762285474,20000,4564,0.2282,1.0000000000000002,0.008204363514272712,1.9650020390911807e-06,9.621219952458485e-07,9.789522397670936e-08,1.4112933829127405e-05,49.27007223306154,1.3391333450775633,6.889577000947474e-05,98.85714942466169,0.6793867681733554,0.009324959154832987,1.0712517829236413e-05
450,2000,1.0,0.9927,0.9914219220373862,0.9937888456329284,-0.02980378012940231,-0.0049641721387842334,-0.0003134362759501147,10.441813325609923,0.9848,0.9830088881164314,0.9864049137235695,-0.02952766400391945,-0.004827115652812215,-0.00022893623963963166,10.945178424765784,0.99975,0.9994148495964674,0.9998932103654561,-0.029661033338456586,-0.00486398090613322,-0.00027343972245584775,30.902210725340296,20000,0,0.0,0.8180010786304297,0.008279669076669587,0.004874073722550634,3.142493309369893e-08,0.0,2.135773907615875e-06,3.218826808531712,0.15131858594314895,2.30128769747711e-06,188.86791997990096,0.7289525487727039,20000,19990,0.9995,1.0000000000000002,0.00818646619777258,0.0,1.6838189047716125e-05,9.416083326103038e-08,0.0010989812447515877,213.9999598726571,85.61085138089166,0.0012357541732613947,242.4208472234542,0.196909894646784,20000,19989,0.99945,1.0000000000000002,0.00828067225074361,0.0,1.506929022297382e-05,9.416083326103038e-08,0.0008751665099451954,216.19044307354983,68.15275327031236,0.001109541254255829,242.4208472234542,0.20413716689033376,20000,12630,0.6315,1.0000000000000002,0.008279669076669587,1.8927641892256726e-06,1.2536515041229572e-06,9.416083326103038e-08,8.393901242537775e-05,48.96018689612016,5.86700222119836,9.239122531713007e-05,188.86791997990096,0.5120638479812278,0.009123213618413378,1.0344917167969345e-05
600,150,1.0,0.9625,0.9597769491275625,0.9650454175205407,-0.040862020371526746,-0.006464830210494992,-0.0001558231185533091,2.52048109323155,0.96135,0.95858873227976,0.9639340760512723,-0.040775011699356,-0.006381139807205658,-0.00010755387319075076,3.081895416220271,0.99985,0.9995590363727073,0.999948985182005,-0.041103319583077,-0.006678128545816931,-0.0003699070467969911,9.538615649399889,20000,0,0.0,0.19557552260611907,0.011060112819935148,0.006691589415960765,3.344242540792028e-07,0.0,1.1694220867124121e-08,3.755039813477425,0.0007019987712027441,2.429860380279809e-05,22.485056963526247,0.7562521478233173,20000,11145,0.55725,1.0000000000000002,0.010990222290735454,0.0,0.000100814259438396,1.2884803001719497e-07,4.756796582426701e-06,252.7915721569568,0.2745623512034292,0.007367622282423914,20.678883449906674,0.5326127040185256,20000,10564,0.5282,1.0000000000000002,0.011064164157054492,0.0,7.69442697639784e-05,1.2884803001719497e-07,3.069004799282249e-06,254.5286475193481,0.18142348396352453,0.005643818630780225,20.678883449906674,0.5592745280681797,20000,266,0.0133,1.0,0.011060112819935148,2.581381514144552e-06,5.781485906075963e-06,1.2884803001719497e-07,2.0015297098395077e-07,57.31486022034386,0.01205781054770037,0.0004218084831431794,22.485056963526247,0.7532685596773342,0.012416554741561343,1.4100808894700307e-05
600,250,1.0,0.9695,0.9670251824584336,0.9717944956848842,-0.040437772253308406,-0.006442579097205514,-0.00019922242925191668,2.5589960485636,0.9673,0.9647440316773855,0.9696764914245791,-0.040282285804002664,-0.006327980081580548,-0.00015335698527394834,3.1236330868675513,0.99985,0.9995590363727073,0.999948985182005,-0.04041497013584392,-0.006559968701737411,-0.00036591508507277936,15.46608849664118,20000,0,0.0,0.3063656727417396,0.011018225835596678,0.006574668033331694,1.852858365884852e-07,0.0,1.8469476130964692e-08,3.761445324219329,0.0009439611331920154,1.3345540043685718e-05,31.536175381185856,0.7457002454328485,20000,16029,0.80145,1.0000000000000002,0.010934666965372378,0.0,9.957659261715675e-05,1.2555174328920614e-07,1.3096408309047988e-05,250.89546604987234,0.6865563141909062,0.007301406295112589,32.706250583247694,0.286473014152117,20000,15602,0.7801,1.0000000000000002,0.011020197000627013,0.0,7.71925408968663e-05,1.2555174328920614e-07,8.524703136102834e-06,252.96178533597094,0.44655572103367125,0.005699190152385257,32.706250583247694,0.31148050409391176,20000,1065,0.05325,1.0000000000000002,0.011018225835596678,2.539212428824419e-06,3.3994922472878597e-06,1.2555174328920614e-07,3.3512004261061614e-07,57.16874883167224,0.016850569329247292,0.00024558543456232665,31.536175381185856,0.7332944157411689,0.012333092889860706,1.3614318657648017e-05
600,500,1.0,0.97855,0.9764483094811665,0.9804678928095358,-0.04143167811083246,-0.006449601269300631,-0.00026996531960315074,2.9664323849757954,0.9747,0.9724307904577394,0.976786890510595,-0.04122432724620009,-0.006306697428986847,-0.0001918563223396368,3.347119565285462,0.9998,0.9994858195143681,0.9999222212439498,-0.04142322722689376,-0.006501224895463658,-0.0003618645224746349,21.16064187535696,20000,0,0.0,0.4587330949854623,0.010873578023053117,0.006518944779746052,1.0402302503741047e-07,0.0,6.554745813401068e-08,3.8302163630943142,0.0025087179462298455,7.455004859683469e-06,53.93654749514552,0.7404448765255588,20000,19318,0.9659,1.0000000000000002,0.010805791093311024,0.0,8.466376487234736e-05,1.2750920102771843e-07,6.81270785827341e-05,250.4373455632669,2.752611785161793,0.006065700971956384,62.24527751506801,0.16731309986595846,20000,19207,0.96035,1.0000000000000002,0.010889196597827578,0.0,6.995770564161184e-05,1.2750920102771843e-07,4.52489925694462e-05,252.36302730862604,1.7407207809718694,0.005081276270725873,62.24527751506801,0.17846699404874058,20000,4419,0.22095,1.0000000000000002,0.010873578023053117,2.5613738910403535e-06,2.425272948059781e-06,1.2750920102771843e-07,1.6694171680527622e-06,56.82779785701251,0.06569902368705992,0.0001768759252493005,53.93654749514552,0.6822672068918656,0.01223988062461263,1.3858964593693963e-05
600,1000,1.0,0.9826,0.9806929707621039,0.9843216760365439,-0.040637010701439685,-0.0065024931978984275,-0.0003191138905577632,4.039807446990509,0.9783,0.9761869635773199,0.9802293347314102,-0.04046041366092209,-0.0063598418457777965,-0.0002283394289011572,4.272294953169077,0.9995,0.9990797771249671,0.9997283788549844,-0.040670351477947765,-0.006514748875676565,-0.00035927333436876,16.38256391013209,20000,0,0.0,0.8025741860915753,0.011073053676258654,0.006539334628098175,6.761010251245028e-08,0.0,4.842201829830593e-07,3.793608850507849,0.04105296761940615,4.83638065789801e-06,99.06320443440416,0.7308303738546138,20000,19983,0.99915,1.0000000000000002,0.010964246244821459,0.0,5.912801201599864e-05,1.288012735031487e-07,0.0004620741561368132,251.47792086952,52.53717544421272,0.004289193517795498,122.76748037998868,0.12238661730485571,20000,19974,0.9987,1.0000000000000002,0.011061308299391816,0.0,5.258819714578152e-05,1.288012735031487e-07,0.00035397649279941747,253.6964296138313,41.180162398033886,0.0038035208982859486,122.76748037998868,0.12967476662048133,20000,11474,0.5737,1.0000000000000002,0.011073053676258654,2.588038009184824e-06,3.1752519851647468e-06,1.288012735031487e-07,2.1675245612628948e-05,56.87482014517033,1.6765197363645814,0.00023051050146410978,99.06320443440416,0.5134092108931387,0.012175336688020382,1.4074241107271448e-05
600,2000,1.0,0.98455,0.9827452900605639,0.9861686077974651,-0.04042007670502485,-0.006596669770419013,-0.00031490086765626764,5.2024229087702984,0.97885,0.976762018351966,0.9807540687171027,-0.040269980690512124,-0.006449867341642967,-0.0002312457043297211,5.421663819049966,0.99925,0.9987628321888334,0.9995454198091459,-0.04042922606714654,-0.006566931933506199,-0.000348349715983508,9.850696871326313,20000,61,0.00305,1.0,0.01096816109070663,0.006604509477578244,5.396960190436736e-08,0.0,1.5948489140167223e-06,3.7909473317198255,0.11071865737836448,3.885572235052192e-06,189.01453139772303,0.7272931057735762,20000,20000,1.0,1.0000000000000002,0.010899925522519591,0.0,4.54865164495249e-05,1.2973381565128822e-07,0.0013922963256046373,251.45808316980555,107.38137681775868,0.00331664309535457,242.31958897588746,0.09959165934633038,20000,20000,1.0,1.0000000000000002,0.010975857060161208,0.0,4.168930355863243e-05,1.2973381565128822e-07,0.0011033651671028125,253.75206640161252,85.02593154707452,0.0030512242458124823,242.31958897588746,0.10527881148737944,20000,17738,0.8869,1.0000000000000002,0.01096816109070663,2.570646915525547e-06,5.370819185685997e-06,1.2973381565128822e-07,0.00015446295228842594,56.99529160182625,12.129041705633542,0.00038735271614155474,189.01453139772303,0.17237058127659896,0.012270131501058807,1.4075836907422565e-05
800,150,0.5004,0.7737809752198241,0.7654799575793965,0.7818718979748058,-0.04937737438233095,-0.005120517836079488,0.042425768895457946,0.26602604788447726,0.7828737010391686,0.7746884937770698,0.7908418358119619,-0.049884593985888445,-0.005322539733361775,0.03491578830957783,0.31130843811252384,0.9341526778577138,0.9291251124034292,0.9388470818969392,-0.05199246381408263,-0.007918634380888606,0.001894604030385306,2.3007619347154984,10008,317,0.031674660271782576,1.0000000000000002,0.014735803739914895,0.008755786598392129,4.7181862248791213e-07,0.0,7.1884712747651325e-09,4.481882817213496,0.0004587163059661187,3.471150808780765e-05,22.49498379034945,0.9520797584869751,10008,9509,0.9501398880895284,1.0000000000000002,0.014714429379868239,0.0,0.0011532225616428561,1.7265823108060307e-07,2.803263891495279e-05,292.13150993166164,1.726557698992834,0.08552358470428295,20.655301333242857,0.9418090172663764,10008,9442,0.943445243804956,1.0000000000000002,0.014758265322006053,0.0,0.0009628355708929661,1.7265823108060307e-07,1.901753718442209e-05,293.5407128671171,1.2105435550845913,0.07217845342596285,20.655301333242857,0.9445093672310146,10008,4375,0.43715027977617904,1.0000000000000002,0.014735803739914895,3.5153299911689256e-06,2.7564375370993555e-05,1.7265823108060307e-07,4.979411780389652e-07,66.57323941359643,0.02517723828107009,0.001948680475585481,22.49498379034945,0.9518266640236317,0.0164605606679022,1.905834638056448e-05
800,250,0.49755,0.8018289619133755,0.7938810804264629,0.809543898750616,-0.05281220831959753,-0.0055228483159054376,0.023552141078114232,0.3727304616439368,0.8083609687468596,0.8005093499679601,0.8159746016234721,-0.05278705644217797,-0.005660368309691327,0.01982016346686989,0.40699638680856426,0.9359863330318561,0.931006732609492,0.9406294492316125,-0.054408691864223785,-0.007691817690330574,0.0010185686423217176,2.1866862235607987,9951,399,0.040096472716309915,1.0000000000000002,0.01449573278142414,0.008656604462527254,2.8286819644457976e-07,0.0,1.0047252812790126e-08,4.381566371892186,0.0005440607849751103,2.1006750840935655e-05,31.535440818293296,0.9999999999999933,9951,9845,0.9893478042407798,1.0000000000000002,0.014458115231293582,0.0,0.0008354836476097982,1.6919708075178354e-07,4.587581645506037e-05,295.60804192675465,2.4121763557142355,0.06081529518735189,32.719544897015794,0.9999999999999933,9951,9818,0.9866345090945634,1.0000000000000002,0.014497415227039585,0.0,0.0007350446271097176,1.6919708075178354e-07,3.218904633562456e-05,296.578384793388,1.6966424368795057,0.05277775951663045,32.719544897015794,0.9999999999999933,9951,5740,0.576826449603055,1.0000000000000002,0.01449573278142414,3.438042882740297e-06,3.06718047650445e-05,1.6919708075178354e-07,1.2850944727772417e-06,67.08503481143146,0.08028967123203543,0.0022217601673341146,31.535440818293296,0.9999999999999933,0.016307568562964517,1.8607271687181155e-05
800,500,0.5,0.8476,0.8404223391743044,0.8545107051584011,-0.05153592699829656,-0.006459916696873662,0.013559885383912219,0.5694924606908986,0.8503,0.8431728312087722,0.8571581395327316,-0.051489905768189945,-0.006435669215859767,0.01188783633859874,0.6145076462150327,0.9415,0.936728453368652,0.9459324760700405,-0.053565660610302955,-0.00770885793814984,0.0003594486227121009,1.5234915369516584,10000,791,0.0791,1.0000000000000002,0.014583439217463839,0.008801938976469931,1.8867298168921893e-07,0.0,3.5771491788003775e-08,4.452399289426697,0.001495684396394708,1.3360614440411271e-05,53.94096488905815,0.9756585069582827,10000,9996,0.9996,1.0000000000000002,0.014540629401955277,0.0,0.0005284061195104431,1.739243794528267e-07,0.0001433838066459025,295.81921359305,5.197554277549971,0.03769070805268768,62.52730640249874,0.8164903218175223,10000,9997,0.9997,1.0000000000000002,0.014606374430316345,0.0,0.00048158677284645756,1.739243794528267e-07,9.934298739884032e-05,296.8379031197396,3.5193385501630026,0.0342500537113655,62.52730640249874,0.8132370475843924,10000,8117,0.8117,1.0000000000000002,0.014583439217463839,3.522703594905085e-06,4.843488587014859e-05,1.739243794528267e-07,9.0017144262641e-06,67.1077429458304,0.4239079881307968,0.0035458521692889513,53.94096488905815,0.9754258028025734,0.016515574855259865,1.9334878785905703e-05
800,1000,0.5017,0.878313733306757,0.8717718290793394,0.8845660779443439,-0.05023460511679004,-0.006909898169057335,0.007694051909177906,0.8719506243270776,0.8799083117400838,0.8734020507315842,0.8861237926757607,-0.05027689608525309,-0.006903287468605229,0.006638231231337513,0.9426661979541668,0.9498704405022922,0.9454259935076171,0.9539705587328745,-0.051079816906860205,-0.0077453645202268774,6.109018032283971e-06,1.2722908016847274,10034,1352,0.13474187761610523,1.0000000000000002,0.014597009022825291,0.008625501282551445,1.493932293858685e-07,0.0,2.8853015378323726e-07,4.448865806615169,0.020198719926301997,1.0769951840932433e-05,98.9711948266697,0.9481840148025502,10034,10034,1.0,1.0000000000000002,0.014544847559018156,0.0,0.0003488573696972132,1.7082476519302646e-07,0.0006581577188526612,295.26772225924447,76.49425631295162,0.025041821377941628,122.40225571480283,0.1317360733490433,10034,10034,1.0,1.0000000000000002,0.014603856868904792,0.0,0.000323512179083365,1.7082476519302646e-07,0.0005107420254465921,296.2071346768548,60.111061062259935,0.023237856466999676,122.40225571480283,0.13858810406854755,10034,9692,0.965915885987642,1.0000000000000002,0.014597009022825291,3.434903743022392e-06,5.571386084694139e-05,1.7082476519302646e-07,9.043758412055855e-05,67.32615020836438,9.759615526551634,0.0040905458200868935,98.9711948266697,0.8837306140893886,0.016330782756794962,1.869623226722202e-05
800,2000,0.503,0.8979125248508947,0.8918434882086602,0.9036777879122936,-0.0518399794707877,-0.00727866025574459,0.0038758937717141115,1.1491374378325285,0.8974155069582505,0.8913339286553142,0.903193691112753,-0.05164446588924112,-0.0072693534705342636,0.0034802708814341498,1.217429736497172,0.9605367793240557,0.9565531127771163,0.9641688638075401,-0.05289642668462523,-0.008034639811798854,-0.0001806952989350591,1.346115843739434,10060,2672,0.26560636182902586,1.0000000000000002,0.014836084645390702,0.008670238630733532,1.7174247692524086e-07,0.0,1.3595132274223934e-06,4.513299370029239,0.07387983604411702,1.2589747523195295e-05,188.99456074002833,0.9467000266367448,10060,10060,1.0,1.0000000000000002,0.014800462965332323,0.0,0.0002581567781325204,1.709100950524967e-07,0.0017826245401791516,295.2543375640637,139.23441279567078,0.01926202051028604,243.00246135756024,0.11399017656973037,10060,10060,1.0,1.0000000000000002,0.014830815899012093,0.0,0.00024405258639079822,1.709100950524967e-07,0.0013980948222813072,296.39729742841564,110.36775432259712,0.01806849326130658,243.00246135756024,0.1215693345776459,10060,10050,0.9990059642147118,1.0000000000000002,0.014836084645390702,3.396644904529279e-06,5.1705472340909665e-05,1.709100950524967e-07,0.0003270972232269863,66.88105741092903,25.53977892578834,0.0038253069686296085,188.99456074002833,0.3135714424044552,0.016376578369612076,1.8651704846859265e-05
1000,150,0.0,nan,nan,nan,nan,nan,nan,nan,nan,nan,nan,nan,nan,nan,nan,nan,nan,nan,nan,nan,nan,nan,0,0,nan,nan,nan,0.010916171833786556,nan,0.0,nan,nan,nan,nan,22.48146267210643,1.0,0,0,nan,nan,nan,0.0,nan,2.1400980858345677e-07,nan,nan,nan,nan,20.624691264397505,1.0,0,0,nan,nan,nan,0.0,nan,2.1400980858345677e-07,nan,nan,nan,nan,20.624691264397505,1.0,0,0,nan,nan,nan,4.3155565245467226e-06,nan,2.1400980858345677e-07,nan,nan,nan,nan,22.48146267210643,1.0,0.020619483565548085,2.322990202572384e-05
1000,250,0.0,nan,nan,nan,nan,nan,nan,nan,nan,nan,nan,nan,nan,nan,nan,nan,nan,nan,nan,nan,nan,nan,0,0,nan,nan,nan,0.011004398486150495,nan,0.0,nan,nan,nan,nan,31.54781154026103,1.0,0,0,nan,nan,nan,0.0,nan,2.098802354073746e-07,nan,nan,nan,nan,32.71696511373379,1.0,0,0,nan,nan,nan,0.0,nan,2.098802354073746e-07,nan,nan,nan,nan,32.71696511373379,1.0,0,0,nan,nan,nan,4.2051189245104435e-06,nan,2.098802354073746e-07,nan,nan,nan,nan,31.54781154026103,1.0,0.020475211387183067,2.3128806914215336e-05
1000,500,0.0,nan,nan,nan,nan,nan,nan,nan,nan,nan,nan,nan,nan,nan,nan,nan,nan,nan,nan,nan,nan,nan,0,0,nan,nan,nan,0.010887771992147632,nan,0.0,nan,nan,nan,nan,53.93825407477765,1.0,0,0,nan,nan,nan,0.0,nan,2.1117874310462038e-07,nan,nan,nan,nan,62.584765077826724,1.0,0,0,nan,nan,nan,0.0,nan,2.1117874310462038e-07,nan,nan,nan,nan,62.584765077826724,1.0,0,0,nan,nan,nan,4.237395136901507e-06,nan,2.1117874310462038e-07,nan,nan,nan,nan,53.93825407477765,1.0,0.02051220889056797,2.3052822450531862e-05
1000,1000,0.0,nan,nan,nan,nan,nan,nan,nan,nan,nan,nan,nan,nan,nan,nan,nan,nan,nan,nan,nan,nan,nan,0,0,nan,nan,nan,0.010969580214446028,nan,0.0,nan,nan,nan,nan,98.95625945440781,1.0,0,0,nan,nan,nan,0.0,nan,2.0725648254238136e-07,nan,nan,nan,nan,121.88960952609273,1.0,0,0,nan,nan,nan,0.0,nan,2.0725648254238136e-07,nan,nan,nan,nan,121.88960952609273,1.0,0,0,nan,nan,nan,4.162935895402562e-06,nan,2.0725648254238136e-07,nan,nan,nan,nan,98.95625945440781,1.0,0.020589135953878943,2.266070422225064e-05
1000,2000,0.0,nan,nan,nan,nan,nan,nan,nan,nan,nan,nan,nan,nan,nan,nan,nan,nan,nan,nan,nan,nan,nan,0,0,nan,nan,nan,0.010628300933773562,nan,0.0,nan,nan,nan,nan,188.82447587177413,1.0,0,0,nan,nan,nan,0.0,nan,2.1692619506892597e-07,nan,nan,nan,nan,241.72808741696417,1.0,0,0,nan,nan,nan,0.0,nan,2.1692619506892597e-07,nan,nan,nan,nan,241.72808741696417,1.0,0,0,nan,nan,nan,4.386160443533012e-06,nan,2.1692619506892597e-07,nan,nan,nan,nan,188.82447587177413,1.0,0.020425213988398735,2.347423584733006e-05
