input,prcc,lo95,hi95
re3_rate,-0.971371,-0.972144,-0.970518
sev3_p,-0.913413,-0.916252,-0.909585
platoon_speed_kmh,-0.548778,-0.560487,-0.536417
offset_op_m,0.025520,0.012372,0.038955
occ2,0.015556,0.000641,0.028107
mass1_kg,0.013735,0.000613,0.027610
startup_lost_s,-0.012452,-0.025117,0.001191
q_lead,0.012307,-0.001638,0.024031
enc_rate_vkm,0.012235,-0.000514,0.026085
sev1_p,-0.009521,-0.024786,0.002911
t_deploy_s,0.008007,-0.003399,0.021520
onset_window_s,-0.007931,-0.019607,0.003564
clear_buffer_s,-0.007657,-0.020783,0.004262
t_confirm_s,-0.007127,-0.019714,0.006361
r_v0,-0.006695,-0.022947,0.007856
r_v1a,-0.006678,-0.017242,0.007611
ttc50,-0.006643,-0.017984,0.006622
r_v2,-0.005558,-0.019864,0.008088
p_detect_s2,-0.005374,-0.019295,0.008494
reach_alpha,-0.005311,-0.018867,0.007814
sat_headway_s,-0.004835,-0.018370,0.010192
s_ttc,0.004768,-0.008014,0.017867
occ1,0.004664,-0.008305,0.017681
p_detect_s0,-0.004295,-0.016757,0.007472
offset_m,0.004193,-0.011427,0.014640
p_evade_harm,0.004030,-0.010436,0.017128
re1_rate,-0.003575,-0.017813,0.008800
v_clear_kmh,-0.003573,-0.017841,0.008357
d_sight_m,-0.003438,-0.017684,0.008502
w_onset,0.003378,-0.010278,0.017414
s0_green_margin,0.002931,-0.009770,0.016672
f_cycle_b,-0.002534,-0.015147,0.009024
w_occ,0.002329,-0.011282,0.014221
f_cycle_a,0.001374,-0.013688,0.016571
impact_speed_frac,-0.001294,-0.012955,0.012929
deploy_speed_kmh,-0.001213,-0.015709,0.013922
p_detect_s1b,0.000932,-0.013191,0.014057
a_veh_ms2,0.000650,-0.010144,0.013427
mass2_kg,-0.000449,-0.014711,0.013337
