case_id,date,name,place,activity_or_role,mechanism,classification,source_ids,date_or_linkage_note
NZ01,2011-03-24,Name not stated in source,"Woodlands Road, northeast of Hamilton",Roadworker; control duty not established,Tarseal spraying truck,Unresolved controller status,POL_WOODLANDS,Incident previous day in 25 March release
NZ02,2013-03-19,George Taiaroa,"Tram Road, Atiamuri",Operating stop/go sign,Firearm homicide,Confirmed controller death; exclude vehicle-strike numerator,POL_TAIAROA,
NZ03,2015-03-04,Name not stated in source,"Island Block Road, Meremere",Motorcyclist passing works,Reversing truck and trailer,Exclude road user; traffic-control contractor prosecution does not make victim a controller,WS_MOTORCYCLIST,
NZ04,2019-02-26,Dudley Sole Raroa,"SH2 Matata Straights, near Whakatane",Culvert maintenance crew,Vehicle struck works vehicle/crew,Exclude from confirmed controller-duty count,POL_MATATA;NEWS_MATATA;WS_TABLE,Do not merge same-date same-age WorkSafe rows
NZ05,2019-02-26,David Reginald Te Wira Eparaima,"SH2 Matata Straights, near Whakatane",Culvert maintenance crew,Vehicle struck works vehicle/crew,Exclude from confirmed controller-duty count,POL_MATATA;NEWS_MATATA;WS_TABLE,Do not merge same-date same-age WorkSafe rows
NZ06,2019-02-26,Haki Graham Hiha,"SH2 Matata Straights, near Whakatane",Culvert maintenance crew,Vehicle struck works vehicle/crew,Exclude from confirmed controller-duty count,POL_MATATA;NEWS_MATATA;WS_TABLE,
NZ07,2019-03-11,Joji Bilo,"SH1 Ngauranga Gorge, Wellington",Measuring resealing work,Runaway works truck,Exclude from confirmed controller-duty count,NEWS_BILO;WS_TABLE,Day from WorkSafe; name/location/month from court reporting; linkage not a record-ID match
NZ08,2019-05-07,Name not stated in source,Northland,Victim role unknown,Truck hit stationary traffic-management vehicle,Unresolved victim and controller status,WS_TABLE,Notification row 383; do not assume fatality was traffic-management vehicle occupant
NZ09,2021-05-13,Christopher Tahitahi,Waikato Expressway,Roadworker; control duty not established,Truck strike per Police,Unresolved controller status,POL_TAHITAHI;WS_TABLE,WorkSafe summary says car; Police says truck; prefer Police detail; linkage by date/age/region
NZ10,2023-02-12,Brian Barnes,"SH23 western roadblock near Cogswell Road, Raglan",Traffic controller removing cones to admit a works truck,Works-truck strike,Confirmed broader traffic-control duty; not confirmed stop/go bat use or public-motorist strike,WS_ITCL;WS_ITCL_PDF;FH_BARNES;WS_TABLE,Primary undertaking plus employer alert; notification row 190
NZ11,2024-01-15,Gabriel Fa’amausili,"Abbey Caves Road, Whangarei",Reseal worker; control duty not established,Truck/roller,Unresolved controller status,NEWS_GABRIEL;WS_TABLE,
NZ12,2024-03-19,Name not stated in sources,"West Coast Road, Te Kopuru",Foreman reported in opinion; specific control duty unconfirmed,Truck rolled over worker per WorkSafe,Reported traffic-control role; unresolved duty and exact source linkage,WS_TABLE;NEWS_KOPURU;NEWS_FOREMAN,Opinion dates 18 March; WorkSafe and same-location news 19 March; provisionally one event not two
NZ13,2024-05-08,Johnathon Walters,"Remuera, Auckland",Roadworker; control duty not established,Runaway works truck,Unresolved controller status,NEWS_WALTERS;WS_TABLE,Exact day is tentative linkage to WorkSafe Auckland 49-year-old row; named reporting gives May 2024 only
NZ14,2026-01-13,Name not stated in snapshot,Hawke's Bay,Worker aged 17; control duty unknown,Truck strike,Outside 2010–2025 search ledger period; unresolved controller status,WS_TABLE,Notification row 27; not added to a national rate
NZ15,2026-05-12,Name not stated in snapshot,Waikato expressway worksite,Roadworker aged 59; control duty unknown,Truck strike,Outside 2010–2025 search ledger period; unresolved controller status,WS_TABLE,Notification row 11; not added to a national rate
