scope,definition,start,end,years,collisions,fatal_or_serious,fatal,delta_collisions,delta_fatal_or_serious,delta_fatal,relative_squared_error
harmonised_special4_or_hazard13,M1_pair_front_opposite_from,2021,2025,5,50.6,18.8,1.6,0.6000000000000014,-0.1999999999999993,0.0,0.0002548033240997229
harmonised_special4_or_hazard13,M1_pair_front_opposite_from,2022,2024,3,53.0,18.666666666666668,1.6666666666666667,3.0,-0.33333333333333215,0.06666666666666665,0.005643898122499227
harmonised_special4_or_hazard13,M1_pair_front_opposite_from,2022,2025,4,49.25,18.25,1.5,-0.75,-0.75,-0.10000000000000009,0.005689421745152362
literal_special4,M2_pair_front_near_opposite_from,2022,2024,3,52.0,17.666666666666668,1.6666666666666667,2.0,-1.3333333333333321,0.06666666666666665,0.008260703293321013
harmonised_special4_or_hazard13,M1_pair_front_opposite_from,2021,2024,4,53.75,19.25,1.75,3.75,0.25,0.1499999999999999,0.014587192693905807
literal_special4,M2_pair_front_near_opposite_from,2021,2024,4,54.25,18.75,1.75,4.25,-0.25,0.1499999999999999,0.016187192693905807
literal_special4,M1_pair_front_opposite_from,2021,2024,4,47.5,16.75,1.75,-2.5,-2.25,0.1499999999999999,0.025312608206371177
harmonised_special4_or_hazard13,M1_pair_front_opposite_from,2023,2025,3,48.0,18.333333333333332,1.3333333333333333,-2.0,-0.6666666666666679,-0.26666666666666683,0.03060892582333029
literal_special4,M1_pair_front_opposite_from,2022,2024,3,44.666666666666664,15.333333333333334,1.6666666666666667,-5.333333333333336,-3.666666666666666,0.06666666666666665,0.05035611726685133
harmonised_special4_or_hazard13,M2_pair_front_near_opposite_from,2021,2025,5,60.8,21.8,1.6,10.799999999999997,2.8000000000000007,0.0,0.0683734515235457
harmonised_special4_or_hazard13,M2_pair_front_near_opposite_from,2022,2025,4,60.75,21.75,1.5,10.75,2.75,-0.10000000000000009,0.07108000346260387
literal_special4,M2_pair_front_near_opposite_from,2021,2025,5,44.0,15.0,1.4,-6.0,-4.0,-0.20000000000000018,0.07434632963988921
harmonised_special4_or_hazard13,M2_pair_front_near_opposite_from,2023,2025,3,60.0,22.0,1.3333333333333333,10.0,3.0,-0.26666666666666683,0.09270852570021548
harmonised_special4_or_hazard13,M2_pair_front_near_opposite_from,2021,2024,4,63.0,22.25,1.75,13.0,3.25,0.1499999999999999,0.10564806527008311
harmonised_special4_or_hazard13,M2_pair_front_near_opposite_from,2022,2024,3,63.666666666666664,22.333333333333332,1.6666666666666667,13.666666666666664,3.333333333333332,0.06666666666666665,0.1072259233610341
literal_special4,M1_pair_front_opposite_from,2021,2025,5,38.6,13.4,1.4,-11.399999999999999,-5.6,-0.20000000000000018,0.15447880609418282
literal_special4,M2_pair_front_near_opposite_from,2022,2025,4,39.75,13.25,1.25,-10.25,-5.75,-0.3500000000000001,0.18146243507617732
literal_special4,L1_pair_one_front_opposite_from,2023,2025,3,57.666666666666664,16.333333333333332,1.0,7.666666666666664,-2.666666666666668,-0.6000000000000001,0.1838344798399508
literal_special4,L1_pair_one_front_opposite_from,2022,2025,4,70.5,19.5,1.25,20.5,0.5,-0.3500000000000001,0.21664408327562326
literal_special4,L2_pair_opposite_from,2023,2025,3,63.333333333333336,17.0,1.0,13.333333333333336,-2.0,-0.6000000000000001,0.22281644352108346
literal_special4,M1_pair_front_opposite_from,2021,2023,3,56.333333333333336,19.666666666666668,2.3333333333333335,6.333333333333336,0.6666666666666679,0.7333333333333334,0.2273450369344414
harmonised_special4_or_hazard13,M1_pair_front_opposite_from,2021,2023,3,56.333333333333336,19.666666666666668,2.3333333333333335,6.333333333333336,0.6666666666666679,0.7333333333333334,0.2273450369344414
literal_special4,M4_pair_front,2023,2025,3,75.66666666666667,19.666666666666668,1.3333333333333333,25.66666666666667,0.6666666666666679,-0.26666666666666683,0.2925200369344415
literal_special4,M1_pair_front_opposite_from,2022,2025,4,34.25,11.5,1.25,-15.75,-7.5,-0.3500000000000001,0.3028937370152355
literal_special4,M2_pair_front_near_opposite_from,2021,2023,3,65.0,22.333333333333332,2.3333333333333335,15.0,3.333333333333332,0.7333333333333334,0.33084814558325637
harmonised_special4_or_hazard13,M2_pair_front_near_opposite_from,2021,2023,3,65.0,22.333333333333332,2.3333333333333335,15.0,3.333333333333332,0.7333333333333334,0.33084814558325637
literal_special4,L2_pair_opposite_from,2022,2025,4,78.0,20.75,1.25,28.0,1.75,-0.3500000000000001,0.3699349420013851
literal_special4,L1_pair_one_front_opposite_from,2021,2025,5,80.0,22.6,1.4,30.0,3.6000000000000014,-0.20000000000000018,0.41152527700831026
literal_special4,M2_pair_front_near_opposite_from,2023,2025,3,32.0,10.666666666666666,1.0,-18.0,-8.333333333333334,-0.6000000000000001,0.4625918821175747
literal_special4,S2_two_front_opposite_from,2021,2023,3,39.666666666666664,12.333333333333334,0.6666666666666666,-10.333333333333336,-6.666666666666666,-0.9333333333333335,0.5061036934441367
harmonised_special4_or_hazard13,S2_two_front_opposite_from,2021,2023,3,39.666666666666664,12.333333333333334,0.6666666666666666,-10.333333333333336,-6.666666666666666,-0.9333333333333335,0.5061036934441367
harmonised_special4_or_hazard13,S2_two_front_opposite_from,2021,2025,5,36.0,12.4,0.6,-14.0,-6.6,-1.0,0.5896898199445983
literal_special4,M1_pair_front_opposite_from,2023,2025,3,28.0,9.333333333333334,1.0,-22.0,-9.666666666666666,-0.6000000000000001,0.5930738765774084
literal_special4,M3_two_front,2021,2025,5,74.6,20.4,0.6,24.599999999999994,1.3999999999999986,-1.0,0.6381183628808863
harmonised_special4_or_hazard13,S2_two_front_opposite_from,2021,2024,4,38.0,12.75,0.5,-12.0,-6.25,-1.1,0.6384626211911357
harmonised_special4_or_hazard13,S2_two_front_opposite_from,2022,2025,4,36.25,12.5,0.5,-13.75,-6.5,-1.1,0.6653172610803324
literal_special4,L1_pair_one_front_opposite_from,2022,2024,3,90.0,24.666666666666668,1.6666666666666667,40.0,5.666666666666668,0.06666666666666665,0.7306865574022777
literal_special4,L2_pair_opposite_from,2021,2025,5,90.8,24.4,1.4,40.8,5.399999999999999,-0.20000000000000018,0.7622566232686979
literal_special4,S2_two_front_opposite_from,2021,2024,4,34.0,10.75,0.5,-16.0,-8.25,-1.1,0.763595031163435
harmonised_special4_or_hazard13,S2_two_front_opposite_from,2022,2024,3,39.0,13.0,0.3333333333333333,-11.0,-6.0,-1.2666666666666668,0.774859102800862
literal_special4,M3_two_front,2022,2025,4,68.75,18.5,0.25,18.75,-0.5,-1.35,0.8532315832756233
harmonised_special4_or_hazard13,S2_two_front_opposite_from,2023,2025,3,34.333333333333336,12.0,0.3333333333333333,-15.666666666666664,-7.0,-1.2666666666666668,0.8606479609110497
literal_special4,S2_two_front_opposite_from,2022,2024,3,33.666666666666664,10.333333333333334,0.3333333333333333,-16.333333333333336,-8.666666666666666,-1.2666666666666668,0.9415112419205911
literal_special4,S1_two_front_opposite_straight,2021,2023,3,24.0,7.666666666666667,0.6666666666666666,-26.0,-11.333333333333332,-0.9333333333333335,0.9664795629424439
harmonised_special4_or_hazard13,S1_two_front_opposite_straight,2021,2023,3,24.0,7.666666666666667,0.6666666666666666,-26.0,-11.333333333333332,-0.9333333333333335,0.9664795629424439
literal_special4,S2_two_front_opposite_from,2021,2025,5,27.8,8.6,0.4,-22.2,-10.4,-1.2000000000000002,1.0592481883656513
harmonised_special4_or_hazard13,S1_two_front_opposite_straight,2021,2025,5,21.4,7.8,0.6,-28.6,-11.2,-1.0,1.0652882243767312
literal_special4,M3_two_front,2021,2024,4,91.75,25.0,0.75,41.75,6.0,-0.8500000000000001,1.0791745541897506
literal_special4,L1_pair_one_front_opposite_from,2021,2024,4,97.0,27.25,1.75,47.0,8.25,0.1499999999999999,1.0809278436634349
literal_special4,M4_pair_front,2022,2025,4,96.75,27.5,1.75,46.75,8.5,0.1499999999999999,1.0831525666551247
harmonised_special4_or_hazard13,S1_two_front_opposite_straight,2021,2024,4,22.75,8.25,0.5,-27.25,-10.75,-1.1,1.089798978531856
literal_special4,L2_pair_opposite_from,2022,2024,3,99.33333333333333,26.333333333333332,1.6666666666666667,49.33333333333333,7.333333333333332,0.06666666666666665,1.1242161357340719
literal_special4,M3_two_front,2023,2025,3,54.0,12.0,0.0,4.0,-7.0,-1.6,1.1421340720221607
harmonised_special4_or_hazard13,S1_two_front_opposite_straight,2022,2025,4,21.5,7.5,0.5,-28.5,-11.5,-1.1,1.163899740304709
literal_special4,S1_two_front_opposite_straight,2021,2024,4,20.25,6.75,0.5,-29.75,-12.25,-1.1,1.242366845567867
harmonised_special4_or_hazard13,S1_two_front_opposite_straight,2022,2024,3,23.333333333333332,8.0,0.3333333333333333,-26.666666666666668,-11.0,-1.2666666666666668,1.2463606109572178
literal_special4,S2_two_front_opposite_from,2022,2025,4,26.0,7.75,0.25,-24.0,-11.25,-1.35,1.2929027051592796
literal_special4,M3_two_front,2022,2024,3,89.66666666666667,24.0,0.3333333333333333,39.66666666666667,5.0,-1.2666666666666668,1.325365966451216
harmonised_special4_or_hazard13,S1_two_front_opposite_straight,2023,2025,3,21.0,7.333333333333333,0.3333333333333333,-29.0,-11.666666666666668,-1.2666666666666668,1.3401752000615574
literal_special4,S1_two_front_opposite_straight,2022,2024,3,20.0,6.0,0.3333333333333333,-30.0,-13.0,-1.2666666666666668,1.4548801554324409
literal_special4,S1_two_front_opposite_straight,2021,2025,5,16.6,5.4,0.4,-33.4,-13.6,-1.2000000000000002,1.5210785706371193
harmonised_special4_or_hazard13,S0_two_front_opposite_straight_ahead,2023,2025,3,14.333333333333334,5.666666666666667,0.3333333333333333,-35.666666666666664,-13.333333333333332,-1.2666666666666668,1.6280397737765466
harmonised_special4_or_hazard13,S0_two_front_opposite_straight_ahead,2021,2025,5,13.4,5.0,0.4,-36.6,-14.0,-1.2000000000000002,1.6412602880886427
harmonised_special4_or_hazard13,M3_two_front,2021,2025,5,104.0,30.8,1.0,54.0,11.8,-0.6000000000000001,1.6927313711911358
literal_special4,M3_two_front,2021,2023,3,106.33333333333333,30.0,1.0,56.33333333333333,11.0,-0.6000000000000001,1.7451828331794395
harmonised_special4_or_hazard13,M3_two_front,2021,2023,3,106.33333333333333,30.0,1.0,56.33333333333333,11.0,-0.6000000000000001,1.7451828331794395
literal_special4,L2_pair_opposite_from,2021,2024,4,110.0,29.5,1.75,60.0,10.5,0.1499999999999999,1.7541907245498616
harmonised_special4_or_hazard13,M3_two_front,2023,2025,3,103.0,29.333333333333332,0.6666666666666666,53.0,10.333333333333332,-0.9333333333333335,1.7596610957217607
literal_special4,S1_two_front_opposite_straight,2022,2025,4,15.5,4.5,0.25,-34.5,-14.5,-1.35,1.7704240347991689
harmonised_special4_or_hazard13,S0_two_front_opposite_straight_ahead,2021,2024,4,14.0,5.0,0.25,-36.0,-14.0,-1.35,1.7732503505886426
literal_special4,S0_two_front_opposite_straight_ahead,2021,2023,3,13.333333333333334,4.0,0.3333333333333333,-36.666666666666664,-15.0,-1.2666666666666668,1.787782586949831
harmonised_special4_or_hazard13,S0_two_front_opposite_straight_ahead,2021,2023,3,13.333333333333334,4.0,0.3333333333333333,-36.666666666666664,-15.0,-1.2666666666666668,1.787782586949831
harmonised_special4_or_hazard13,S0_two_front_opposite_straight_ahead,2022,2025,4,13.5,4.5,0.25,-36.5,-14.5,-1.35,1.827224034799169
literal_special4,S2_two_front_opposite_from,2023,2025,3,20.666666666666668,5.666666666666667,0.0,-29.333333333333332,-13.333333333333332,-1.6,1.8366369959987687
harmonised_special4_or_hazard13,L1_pair_one_front_opposite_from,2022,2025,4,108.25,32.25,1.5,58.25,13.25,-0.10000000000000009,1.8474539646814405
literal_special4,M4_pair_front,2021,2025,5,110.4,30.6,2.0,60.400000000000006,11.600000000000001,0.3999999999999999,1.8945063822714685
harmonised_special4_or_hazard13,M3_two_front,2021,2024,4,107.0,32.25,1.0,57.0,13.25,-0.6000000000000001,1.9265477146814403
literal_special4,S0_two_front_opposite_straight_ahead,2021,2024,4,11.75,3.75,0.25,-38.25,-15.25,-1.35,1.9413565140235458
harmonised_special4_or_hazard13,L1_pair_one_front_opposite_from,2023,2025,3,108.0,33.333333333333336,1.3333333333333333,58.0,14.333333333333336,-0.26666666666666683,1.9424759618344107
harmonised_special4_or_hazard13,M3_two_front,2022,2025,4,105.5,31.5,0.75,55.5,12.5,-0.8500000000000001,1.9471520472645432
harmonised_special4_or_hazard13,L1_pair_one_front_opposite_from,2021,2025,5,110.2,32.8,1.6,60.2,13.799999999999997,0.0,1.9771506260387808
harmonised_special4_or_hazard13,S0_two_front_opposite_straight_ahead,2022,2024,3,14.333333333333334,4.333333333333333,0.0,-35.666666666666664,-14.666666666666668,-1.6,2.1047200984918435
harmonised_special4_or_hazard13,L1_pair_one_front_opposite_from,2022,2024,3,113.66666666666667,32.333333333333336,1.6666666666666667,63.66666666666667,13.333333333333336,0.06666666666666665,2.1155731071098804
literal_special4,S0_two_front_opposite_straight_ahead,2021,2025,5,9.6,3.0,0.2,-40.4,-16.0,-1.4000000000000001,2.1276302742382267
literal_special4,S1_two_front_opposite_straight,2023,2025,3,13.0,3.3333333333333335,0.0,-37.0,-15.666666666666666,-1.6,2.227501508156356
harmonised_special4_or_hazard13,L1_pair_one_front_opposite_from,2021,2024,4,114.75,33.0,1.75,64.75,14.0,0.1499999999999999,2.2287503505886423
literal_special4,S0_two_front_opposite_straight_ahead,2022,2024,3,11.333333333333334,2.6666666666666665,0.0,-38.666666666666664,-16.333333333333332,-1.6,2.337041058787319
harmonised_special4_or_hazard13,M3_two_front,2022,2024,3,110.0,33.666666666666664,0.6666666666666666,60.0,14.666666666666664,-0.9333333333333335,2.376153431825177
literal_special4,L1_pair_one_front_opposite_from,2021,2023,3,115.33333333333333,32.666666666666664,2.3333333333333335,65.33333333333333,13.666666666666664,0.7333333333333334,2.4348371883656506
harmonised_special4_or_hazard13,L1_pair_one_front_opposite_from,2021,2023,3,115.33333333333333,32.666666666666664,2.3333333333333335,65.33333333333333,13.666666666666664,0.7333333333333334,2.4348371883656506
literal_special4,S0_two_front_opposite_straight_ahead,2023,2025,3,8.0,2.3333333333333335,0.0,-42.0,-16.666666666666668,-1.6,2.4750675284702988
literal_special4,S0_two_front_opposite_straight_ahead,2022,2025,4,8.75,2.0,0.0,-41.25,-17.0,-1.6,2.481179016620499
harmonised_special4_or_hazard13,L2_pair_opposite_from,2022,2025,4,121.25,34.75,1.5,71.25,15.75,-0.10000000000000009,2.7216849896121884
harmonised_special4_or_hazard13,L2_pair_opposite_from,2023,2025,3,121.0,35.666666666666664,1.3333333333333333,71.0,16.666666666666664,-0.26666666666666683,2.813645306248076
harmonised_special4_or_hazard13,L2_pair_opposite_from,2022,2024,3,125.0,34.333333333333336,1.6666666666666667,75.0,15.333333333333336,0.06666666666666665,2.9030134272083723
harmonised_special4_or_hazard13,L2_pair_opposite_from,2021,2025,5,125.4,35.6,1.6,75.4,16.6,0.0,3.0373880997229916
harmonised_special4_or_hazard13,L2_pair_opposite_from,2021,2024,4,129.25,35.5,1.75,79.25,16.5,0.1499999999999999,3.2751691871537396
literal_special4,M4_pair_front,2022,2024,3,126.0,35.666666666666664,2.3333333333333335,76.0,16.666666666666664,0.7333333333333334,3.289936972914743
literal_special4,L2_pair_opposite_from,2021,2023,3,131.0,35.333333333333336,2.3333333333333335,81.0,16.333333333333336,0.7333333333333334,3.5734660587873197
harmonised_special4_or_hazard13,L2_pair_opposite_from,2021,2023,3,131.0,35.333333333333336,2.3333333333333335,81.0,16.333333333333336,0.7333333333333334,3.5734660587873197
literal_special4,M4_pair_front,2021,2024,4,135.75,37.5,2.5,85.75,18.5,0.8999999999999999,4.2056921918282555
harmonised_special4_or_hazard13,M4_pair_front,2023,2025,3,147.33333333333334,42.333333333333336,2.3333333333333335,97.33333333333334,23.333333333333336,0.7333333333333334,5.507736911357341
harmonised_special4_or_hazard13,M4_pair_front,2022,2025,4,150.5,44.5,2.5,100.5,25.5,0.8999999999999999,6.15775278739612
harmonised_special4_or_hazard13,M4_pair_front,2021,2025,5,153.4,44.2,2.6,103.4,25.200000000000003,1.0,6.426362573407203
harmonised_special4_or_hazard13,M4_pair_front,2022,2024,3,159.0,47.333333333333336,2.6666666666666665,109.0,28.333333333333336,1.0666666666666664,7.420605601723609
harmonised_special4_or_hazard13,M4_pair_front,2021,2024,4,160.5,46.25,2.75,110.5,27.25,1.15,7.457661396295014
literal_special4,M4_pair_front,2021,2023,3,161.66666666666666,45.666666666666664,3.3333333333333335,111.66666666666666,26.666666666666664,1.7333333333333334,8.131225761772852
harmonised_special4_or_hazard13,M4_pair_front,2021,2023,3,161.66666666666666,45.666666666666664,3.3333333333333335,111.66666666666666,26.666666666666664,1.7333333333333334,8.131225761772852
literal_special4,L3_multi_any_front,2023,2025,3,383.6666666666667,73.0,4.0,333.6666666666667,54.0,2.4,54.86094010464759
literal_special4,L3_multi_any_front,2022,2025,4,485.25,92.25,5.25,435.25,73.25,3.65,95.84418057912049
literal_special4,L3_multi_any_front,2021,2025,5,566.4,104.6,6.6,516.4,85.6,5.0,136.73060512188366
literal_special4,L3_multi_any_front,2022,2024,3,618.0,116.0,7.0,568.0,97.0,5.4,166.50393691135736
literal_special4,L3_multi_any_front,2021,2024,4,686.25,125.5,8.25,636.25,106.5,6.65,210.61901413175207
harmonised_special4_or_hazard13,L3_multi_any_front,2023,2025,3,740.3333333333334,162.0,9.0,690.3333333333334,143.0,7.4,268.6600988073253
harmonised_special4_or_hazard13,L3_multi_any_front,2022,2025,4,752.75,159.0,9.0,702.75,140.0,7.4,273.22727880886424
harmonised_special4_or_hazard13,L3_multi_any_front,2021,2025,5,780.4,158.0,9.6,730.4,139.0,8.0,291.91443962326866
harmonised_special4_or_hazard13,L3_multi_any_front,2022,2024,3,788.6666666666666,159.0,10.333333333333334,738.6666666666666,140.0,8.733333333333334,302.3384093644198
literal_special4,L3_multi_any_front,2021,2023,3,824.0,152.33333333333334,10.333333333333334,774.0,133.33333333333334,8.733333333333334,318.66972459987693
harmonised_special4_or_hazard13,L3_multi_any_front,2021,2023,3,824.0,152.33333333333334,10.333333333333334,774.0,133.33333333333334,8.733333333333334,318.66972459987693
harmonised_special4_or_hazard13,L3_multi_any_front,2021,2024,4,814.25,157.75,10.75,764.25,138.75,9.15,319.6637545403393
