year,scope,definition,collisions,fatal,serious,slight,fatal_or_serious,casualties,fatal_casualties,serious_casualties
2021,literal_special4,ALL_ROADWORKS,1410,20,262,1128,282,1913,20,292
2021,literal_special4,S0_two_front_opposite_straight_ahead,13,1,6,6,7,23,1,10
2021,literal_special4,S1_two_front_opposite_straight,21,1,8,12,9,37,1,12
2021,literal_special4,S2_two_front_opposite_from,35,1,11,23,12,55,1,15
2021,literal_special4,M1_pair_front_opposite_from,56,2,19,35,21,102,2,25
2021,literal_special4,M2_pair_front_near_opposite_from,61,2,20,39,22,109,2,26
2021,literal_special4,M3_two_front,98,2,26,70,28,133,2,31
2021,literal_special4,M4_pair_front,165,3,40,122,43,268,3,49
2021,literal_special4,L1_pair_one_front_opposite_from,118,2,33,83,35,189,2,41
2021,literal_special4,L2_pair_opposite_from,142,2,37,103,39,223,2,45
2021,literal_special4,L3_multi_any_front,891,12,142,737,154,1314,12,161
2021,harmonised_special4_or_hazard13,ALL_ROADWORKS,1410,20,262,1128,282,1913,20,292
2021,harmonised_special4_or_hazard13,S0_two_front_opposite_straight_ahead,13,1,6,6,7,23,1,10
2021,harmonised_special4_or_hazard13,S1_two_front_opposite_straight,21,1,8,12,9,37,1,12
2021,harmonised_special4_or_hazard13,S2_two_front_opposite_from,35,1,11,23,12,55,1,15
2021,harmonised_special4_or_hazard13,M1_pair_front_opposite_from,56,2,19,35,21,102,2,25
2021,harmonised_special4_or_hazard13,M2_pair_front_near_opposite_from,61,2,20,39,22,109,2,26
2021,harmonised_special4_or_hazard13,M3_two_front,98,2,26,70,28,133,2,31
2021,harmonised_special4_or_hazard13,M4_pair_front,165,3,40,122,43,268,3,49
2021,harmonised_special4_or_hazard13,L1_pair_one_front_opposite_from,118,2,33,83,35,189,2,41
2021,harmonised_special4_or_hazard13,L2_pair_opposite_from,142,2,37,103,39,223,2,45
2021,harmonised_special4_or_hazard13,L3_multi_any_front,891,12,142,737,154,1314,12,161
2022,literal_special4,ALL_ROADWORKS,1225,13,260,952,273,1647,16,284
2022,literal_special4,S0_two_front_opposite_straight_ahead,11,0,1,10,1,16,0,1
2022,literal_special4,S1_two_front_opposite_straight,23,1,7,15,8,35,1,8
2022,literal_special4,S2_two_front_opposite_from,42,1,13,28,14,58,1,14
2022,literal_special4,M1_pair_front_opposite_from,53,2,16,35,18,79,3,18
2022,literal_special4,M2_pair_front_near_opposite_from,63,2,19,42,21,94,3,21
2022,literal_special4,M3_two_front,113,1,37,75,38,148,1,41
2022,literal_special4,M4_pair_front,160,3,48,109,51,239,4,55
2022,literal_special4,L1_pair_one_front_opposite_from,109,2,27,80,29,153,3,29
2022,literal_special4,L2_pair_opposite_from,122,2,30,90,32,171,3,32
2022,literal_special4,L3_multi_any_front,790,9,141,640,150,1144,12,162
2022,harmonised_special4_or_hazard13,ALL_ROADWORKS,1225,13,260,952,273,1647,16,284
2022,harmonised_special4_or_hazard13,S0_two_front_opposite_straight_ahead,11,0,1,10,1,16,0,1
2022,harmonised_special4_or_hazard13,S1_two_front_opposite_straight,23,1,7,15,8,35,1,8
2022,harmonised_special4_or_hazard13,S2_two_front_opposite_from,42,1,13,28,14,58,1,14
2022,harmonised_special4_or_hazard13,M1_pair_front_opposite_from,53,2,16,35,18,79,3,18
2022,harmonised_special4_or_hazard13,M2_pair_front_near_opposite_from,63,2,19,42,21,94,3,21
2022,harmonised_special4_or_hazard13,M3_two_front,113,1,37,75,38,148,1,41
2022,harmonised_special4_or_hazard13,M4_pair_front,160,3,48,109,51,239,4,55
2022,harmonised_special4_or_hazard13,L1_pair_one_front_opposite_from,109,2,27,80,29,153,3,29
2022,harmonised_special4_or_hazard13,L2_pair_opposite_from,122,2,30,90,32,171,3,32
2022,harmonised_special4_or_hazard13,L3_multi_any_front,790,9,141,640,150,1144,12,162
2023,literal_special4,ALL_ROADWORKS,1225,18,257,950,275,1589,18,287
2023,literal_special4,S0_two_front_opposite_straight_ahead,16,0,4,12,4,22,0,6
2023,literal_special4,S1_two_front_opposite_straight,28,0,6,22,6,38,0,9
2023,literal_special4,S2_two_front_opposite_from,42,0,11,31,11,57,0,14
2023,literal_special4,M1_pair_front_opposite_from,60,3,17,40,20,99,3,28
2023,literal_special4,M2_pair_front_near_opposite_from,71,3,21,47,24,115,3,35
2023,literal_special4,M3_two_front,108,0,24,84,24,141,0,28
2023,literal_special4,M4_pair_front,160,4,39,117,43,249,4,54
2023,literal_special4,L1_pair_one_front_opposite_from,119,3,31,85,34,177,3,42
2023,literal_special4,L2_pair_opposite_from,129,3,32,94,35,189,3,43
2023,literal_special4,L3_multi_any_front,791,10,143,638,153,1102,10,169
2023,harmonised_special4_or_hazard13,ALL_ROADWORKS,1225,18,257,950,275,1589,18,287
2023,harmonised_special4_or_hazard13,S0_two_front_opposite_straight_ahead,16,0,4,12,4,22,0,6
2023,harmonised_special4_or_hazard13,S1_two_front_opposite_straight,28,0,6,22,6,38,0,9
2023,harmonised_special4_or_hazard13,S2_two_front_opposite_from,42,0,11,31,11,57,0,14
2023,harmonised_special4_or_hazard13,M1_pair_front_opposite_from,60,3,17,40,20,99,3,28
2023,harmonised_special4_or_hazard13,M2_pair_front_near_opposite_from,71,3,21,47,24,115,3,35
2023,harmonised_special4_or_hazard13,M3_two_front,108,0,24,84,24,141,0,28
2023,harmonised_special4_or_hazard13,M4_pair_front,160,4,39,117,43,249,4,54
2023,harmonised_special4_or_hazard13,L1_pair_one_front_opposite_from,119,3,31,85,34,177,3,42
2023,harmonised_special4_or_hazard13,L2_pair_opposite_from,129,3,32,94,35,189,3,43
2023,harmonised_special4_or_hazard13,L3_multi_any_front,791,10,143,638,153,1102,10,169
2024,literal_special4,ALL_ROADWORKS,466,7,87,372,94,562,7,90
2024,literal_special4,S0_two_front_opposite_straight_ahead,7,0,3,4,3,11,0,3
2024,literal_special4,S1_two_front_opposite_straight,9,0,4,5,4,13,0,4
2024,literal_special4,S2_two_front_opposite_from,17,0,6,11,6,22,0,6
2024,literal_special4,M1_pair_front_opposite_from,21,0,8,13,8,26,0,8
2024,literal_special4,M2_pair_front_near_opposite_from,22,0,8,14,8,27,0,8
2024,literal_special4,M3_two_front,48,0,10,38,10,56,0,10
2024,literal_special4,M4_pair_front,58,0,13,45,13,68,0,13
2024,literal_special4,L1_pair_one_front_opposite_from,42,0,11,31,11,51,0,11
2024,literal_special4,L2_pair_opposite_from,47,0,12,35,12,59,0,12
2024,literal_special4,L3_multi_any_front,273,2,43,228,45,341,2,45
2024,harmonised_special4_or_hazard13,ALL_ROADWORKS,1196,20,251,925,271,1591,20,279
2024,harmonised_special4_or_hazard13,S0_two_front_opposite_straight_ahead,16,0,8,8,8,20,0,8
2024,harmonised_special4_or_hazard13,S1_two_front_opposite_straight,19,0,10,9,10,25,0,11
2024,harmonised_special4_or_hazard13,S2_two_front_opposite_from,33,0,14,19,14,42,0,15
2024,harmonised_special4_or_hazard13,M1_pair_front_opposite_from,46,0,18,28,18,68,0,22
2024,harmonised_special4_or_hazard13,M2_pair_front_near_opposite_from,57,0,22,35,22,85,0,26
2024,harmonised_special4_or_hazard13,M3_two_front,109,1,38,70,39,141,1,41
2024,harmonised_special4_or_hazard13,M4_pair_front,157,1,47,109,48,219,1,54
2024,harmonised_special4_or_hazard13,L1_pair_one_front_opposite_from,113,0,34,79,34,165,0,39
2024,harmonised_special4_or_hazard13,L2_pair_opposite_from,124,0,36,88,36,180,0,41
2024,harmonised_special4_or_hazard13,L3_multi_any_front,785,12,162,611,174,1121,12,183
2025,literal_special4,ALL_ROADWORKS,140,0,29,111,29,180,0,31
2025,literal_special4,S0_two_front_opposite_straight_ahead,1,0,0,1,0,1,0,0
2025,literal_special4,S1_two_front_opposite_straight,2,0,0,2,0,3,0,0
2025,literal_special4,S2_two_front_opposite_from,3,0,0,3,0,6,0,0
2025,literal_special4,M1_pair_front_opposite_from,3,0,0,3,0,6,0,0
2025,literal_special4,M2_pair_front_near_opposite_from,3,0,0,3,0,6,0,0
2025,literal_special4,M3_two_front,6,0,2,4,2,9,0,2
2025,literal_special4,M4_pair_front,9,0,3,6,3,15,0,3
2025,literal_special4,L1_pair_one_front_opposite_from,12,0,4,8,4,18,0,4
2025,literal_special4,L2_pair_opposite_from,14,0,4,10,4,20,0,4
2025,literal_special4,L3_multi_any_front,87,0,21,66,21,118,0,23
2025,harmonised_special4_or_hazard13,ALL_ROADWORKS,1042,9,247,786,256,1360,9,261
2025,harmonised_special4_or_hazard13,S0_two_front_opposite_straight_ahead,11,1,4,6,5,14,1,5
2025,harmonised_special4_or_hazard13,S1_two_front_opposite_straight,16,1,5,10,6,21,1,6
2025,harmonised_special4_or_hazard13,S2_two_front_opposite_from,28,1,10,17,11,45,1,11
2025,harmonised_special4_or_hazard13,M1_pair_front_opposite_from,38,1,16,21,17,65,1,19
2025,harmonised_special4_or_hazard13,M2_pair_front_near_opposite_from,52,1,19,32,20,91,1,22
2025,harmonised_special4_or_hazard13,M3_two_front,92,1,24,67,25,121,1,25
2025,harmonised_special4_or_hazard13,M4_pair_front,125,2,34,89,36,193,2,37
2025,harmonised_special4_or_hazard13,L1_pair_one_front_opposite_from,92,1,31,60,32,146,1,36
2025,harmonised_special4_or_hazard13,L2_pair_opposite_from,110,1,35,74,36,166,1,40
2025,harmonised_special4_or_hazard13,L3_multi_any_front,645,5,154,486,159,916,5,167
